YEAR,MO,DY,PS,WS10M,WS10M_MAX,WS10M_MIN,WS10M_RANGE,WD10M,WS50M,WS50M_MAX,WS50M_MIN,WS50M_RANGE,WD50M,ALLSKY_SFC_SW_DWN,CLRSKY_SFC_SW_DWN,WS2M
2021,1,1,96.65,2.23,3.0,1.5,1.5,126.0,3.52,4.79,2.1,2.69,127.12,0.45,2.42,1.05
2021,1,2,95.76,2.66,3.66,1.77,1.89,198.31,4.66,6.73,2.76,3.96,198.88,2.1,2.81,1.1
2021,1,3,95.7,1.74,2.77,0.75,2.02,210.31,3.4,6.13,1.25,4.88,213.88,0.68,2.53,0.62
2021,1,4,95.8,1.66,2.51,0.52,1.98,301.0,2.82,4.96,0.7,4.26,300.62,0.72,2.51,0.73
2021,1,5,95.62,1.7,2.59,0.66,1.94,317.31,2.95,5.48,0.87,4.62,316.19,1.55,2.75,0.72
2021,1,6,96.26,3.27,4.76,2.52,2.24,325.12,6.02,6.66,4.7,1.97,325.38,1.89,2.9,1.37
2021,1,7,96.36,2.26,3.61,0.88,2.73,235.12,3.85,6.3,1.36,4.94,250.25,2.91,3.05,1.07
2021,1,8,95.79,2.03,3.16,0.73,2.43,110.19,3.57,5.65,1.09,4.55,110.0,1.32,2.95,0.93
2021,1,9,95.91,4.2,5.75,3.19,2.56,329.75,6.86,7.75,5.73,2.02,330.94,3.03,3.14,1.97
2021,1,10,96.64,2.6,4.22,0.64,3.59,225.88,3.98,7.46,0.88,6.58,226.25,3.16,3.14,1.33
2021,1,11,96.59,1.67,2.26,0.3,1.95,216.06,2.78,4.15,0.45,3.71,218.0,0.91,2.93,0.74
2021,1,12,96.26,1.85,2.44,0.95,1.48,282.94,3.12,4.49,1.63,2.86,283.69,3.19,3.16,0.79
2021,1,13,95.83,1.98,2.55,1.36,1.2,242.38,3.2,4.24,1.87,2.38,244.88,3.0,3.09,0.88
2021,1,14,95.25,2.04,2.71,0.74,1.97,241.06,3.43,4.81,1.02,3.79,242.0,2.83,3.15,0.84
2021,1,15,94.96,2.5,4.97,1.48,3.49,182.12,4.09,6.56,2.72,3.84,184.31,1.29,3.01,1.11
2021,1,16,94.55,2.41,3.55,1.69,1.87,292.5,4.64,7.23,2.48,4.77,293.19,1.64,3.13,0.95
2021,1,17,95.05,2.91,4.39,1.98,2.41,248.44,5.57,6.52,4.0,2.52,250.19,1.78,3.11,1.21
2021,1,18,95.46,3.1,5.27,2.08,3.2,270.06,5.71,7.38,4.01,3.37,270.69,1.57,3.25,1.34
2021,1,19,96.24,3.07,5.28,2.23,3.05,267.06,5.48,7.47,4.13,3.33,268.12,2.77,3.29,1.25
2021,1,20,95.94,3.95,7.12,1.09,6.03,281.06,6.68,10.98,1.77,9.22,281.06,2.85,3.42,1.84
2021,1,21,95.17,3.13,4.36,1.91,2.45,254.5,5.83,8.61,3.59,5.02,256.19,3.26,3.35,1.27
2021,1,22,95.32,3.84,5.28,2.76,2.53,298.31,7.35,8.91,6.1,2.81,297.81,3.33,3.46,1.59
2021,1,23,96.38,3.9,6.22,2.09,4.13,323.25,6.48,8.69,4.07,4.62,322.94,3.62,3.66,1.82
2021,1,24,96.44,1.75,2.37,0.18,2.19,227.69,3.19,4.51,0.16,4.35,231.31,2.21,3.43,0.77
2021,1,25,95.87,1.87,2.77,0.38,2.39,139.56,2.77,3.85,0.63,3.22,140.44,0.7,3.06,0.93
2021,1,26,95.29,2.66,3.56,1.74,1.82,209.19,4.4,7.23,2.49,4.73,211.31,1.77,3.32,1.2
2021,1,27,95.94,2.55,3.7,1.41,2.28,226.56,4.27,6.0,2.56,3.44,225.94,2.35,3.5,1.12
2021,1,28,96.45,6.15,7.87,4.03,3.84,303.94,9.16,10.93,6.11,4.82,303.75,3.61,3.79,3.14
2021,1,29,96.66,4.2,5.34,2.06,3.28,321.44,6.67,8.58,3.7,4.87,321.31,3.8,3.84,2.02
2021,1,30,96.7,1.85,2.36,0.59,1.77,210.56,3.2,4.73,0.46,4.27,211.06,3.49,3.82,0.84
2021,1,31,95.9,3.14,5.0,1.32,3.68,119.62,4.41,6.53,2.84,3.69,121.62,0.72,3.58,1.66
2021,2,1,95.03,4.18,5.02,2.94,2.09,320.44,5.98,7.49,4.23,3.25,320.56,1.6,3.65,2.23
2021,2,2,94.68,7.0,8.54,4.57,3.96,321.62,10.29,12.03,7.59,4.44,322.62,1.78,3.83,3.58
2021,2,3,95.05,6.85,8.01,5.41,2.6,313.06,10.27,11.36,8.83,2.53,314.12,3.46,4.0,3.44
2021,2,4,95.6,3.12,5.12,0.88,4.23,246.19,5.55,8.37,1.16,7.2,247.19,3.68,4.04,1.34
2021,2,5,94.94,3.55,5.5,2.27,3.23,242.25,6.34,8.47,3.89,4.58,243.56,3.62,3.95,1.6
2021,2,6,95.88,3.07,5.02,0.95,4.07,234.31,5.7,7.61,1.28,6.32,235.56,2.53,4.01,1.38
2021,2,7,95.74,2.71,5.96,0.4,5.56,270.06,4.52,8.31,0.6,7.71,269.69,2.03,3.9,1.27
2021,2,8,96.69,2.47,3.81,0.86,2.95,176.0,3.8,6.57,1.29,5.28,178.12,3.94,4.08,1.3
2021,2,9,96.32,1.98,2.72,1.15,1.57,263.81,3.45,5.38,1.98,3.4,266.19,2.85,3.78,0.9
2021,2,10,96.54,1.92,3.09,1.24,1.85,142.19,3.05,4.28,2.15,2.13,143.25,0.96,3.77,0.93
2021,2,11,96.29,2.62,3.97,0.37,3.6,60.75,3.79,5.12,0.75,4.38,75.5,0.97,3.86,1.38
2021,2,12,96.49,2.27,3.16,1.38,1.77,104.25,3.05,4.61,1.45,3.16,106.69,1.43,4.05,1.26
2021,2,13,96.27,1.95,2.51,0.98,1.52,64.25,2.55,3.27,1.29,1.99,64.38,0.89,4.04,1.12
2021,2,14,96.34,1.8,2.83,0.42,2.41,26.75,2.63,3.7,0.52,3.18,53.88,1.34,3.97,0.98
2021,2,15,95.95,2.3,4.9,1.3,3.59,99.12,3.27,7.51,1.7,5.81,100.81,0.91,3.94,1.22
2021,2,16,95.18,3.92,5.62,1.64,3.98,270.75,6.24,7.88,3.65,4.23,271.0,2.82,4.35,1.93
2021,2,17,96.73,2.24,4.08,1.27,2.81,156.44,3.25,6.0,1.3,4.7,173.69,4.11,4.55,1.2
2021,2,18,96.51,1.89,2.93,1.13,1.8,60.75,2.49,3.72,1.64,2.08,62.0,1.1,4.11,1.08
2021,2,19,96.12,3.11,4.17,1.25,2.92,317.88,5.08,7.1,1.6,5.5,316.38,2.23,4.48,1.55
2021,2,20,96.67,4.62,6.12,2.38,3.75,310.94,7.24,8.48,4.17,4.31,310.5,3.81,4.92,2.31
2021,2,21,97.28,2.35,3.24,0.86,2.38,219.69,3.88,5.73,0.91,4.82,221.94,4.34,4.92,1.15
2021,2,22,95.75,3.76,6.65,2.62,4.03,224.94,6.35,9.79,4.77,5.02,226.81,1.58,4.57,1.69
2021,2,23,95.34,4.27,7.84,2.65,5.2,268.56,7.68,12.02,4.82,7.2,270.0,4.31,4.82,1.84
2021,2,24,95.81,3.52,5.45,2.05,3.4,240.81,6.33,9.09,3.72,5.37,242.19,4.84,4.91,1.5
2021,2,25,96.37,2.75,4.23,1.14,3.09,337.0,4.88,8.78,1.84,6.95,333.94,4.53,5.03,1.2
2021,2,26,96.93,2.52,3.66,1.55,2.1,141.88,4.34,5.47,3.13,2.34,142.5,3.01,4.78,1.12
2021,2,27,96.32,2.6,4.83,0.82,4.0,233.31,4.06,6.57,1.27,5.3,234.19,3.24,4.63,1.26
2021,2,28,96.05,2.36,4.12,0.84,3.28,174.62,4.11,6.28,1.33,4.96,178.25,0.75,4.52,1.03
2021,3,1,95.48,4.37,6.65,2.36,4.29,294.5,7.83,10.32,4.65,5.67,294.75,1.76,4.94,1.91
2021,3,2,96.45,2.7,4.34,0.34,4.0,275.88,4.55,8.59,0.71,7.88,275.69,5.47,5.53,1.27
2021,3,3,95.75,2.61,3.7,1.54,2.16,284.62,4.77,6.81,2.24,4.56,284.69,5.01,5.33,1.04
2021,3,4,95.71,4.48,6.4,2.73,3.66,315.44,7.3,8.93,4.7,4.23,315.25,4.94,5.27,2.1
2021,3,5,96.07,4.63,6.3,3.56,2.73,318.06,7.54,8.77,6.65,2.12,318.31,5.75,5.72,2.23
2021,3,6,96.31,3.55,4.72,2.3,2.42,314.19,6.26,7.29,4.93,2.36,314.31,5.69,5.71,1.59
2021,3,7,96.84,2.04,2.52,1.26,1.25,330.62,3.32,4.59,1.78,2.8,328.62,5.77,5.77,0.95
2021,3,8,97.24,2.17,3.25,0.9,2.34,284.5,3.52,5.34,1.57,3.77,284.62,5.52,5.56,1.02
2021,3,9,97.17,2.77,3.44,1.91,1.52,278.94,4.72,6.8,2.86,3.95,279.75,4.23,5.19,1.23
2021,3,10,97.08,2.35,3.92,0.2,3.73,186.44,4.26,7.85,0.24,7.61,193.44,5.51,5.57,1.14
2021,3,11,96.68,3.45,5.5,2.27,3.23,226.62,6.5,7.91,3.12,4.8,228.69,5.38,5.51,1.48
2021,3,12,96.58,3.12,4.13,1.98,2.15,285.06,5.82,7.62,3.55,4.07,285.5,2.56,5.37,1.33
2021,3,13,96.73,2.48,3.59,1.05,2.55,322.25,4.65,7.82,1.66,6.16,319.94,4.78,5.99,1.06
2021,3,14,96.36,4.45,6.72,3.01,3.72,314.94,7.58,10.04,4.14,5.89,315.44,5.43,5.97,2.04
2021,3,15,96.8,2.63,4.2,1.87,2.33,164.38,4.2,7.36,1.88,5.49,164.38,5.05,6.17,1.28
2021,3,16,96.13,3.13,4.73,1.34,3.39,171.94,4.27,5.88,1.91,3.96,175.31,2.93,5.65,1.63
2021,3,17,96.08,1.66,3.22,0.45,2.76,126.88,2.29,4.66,0.39,4.27,124.25,2.96,5.74,0.91
2021,3,18,95.15,3.65,6.52,1.25,5.27,153.81,5.53,8.87,2.14,6.73,156.0,1.4,5.45,1.79
2021,3,19,96.39,5.41,7.49,2.68,4.81,21.81,8.28,9.98,6.08,3.9,22.75,6.33,6.33,2.68
2021,3,20,97.51,2.39,3.05,1.37,1.68,65.12,3.85,5.88,1.95,3.94,65.75,6.44,6.39,1.13
2021,3,21,97.39,2.01,2.72,0.88,1.83,102.88,3.06,5.38,1.29,4.09,104.12,6.41,6.39,1.0
2021,3,22,96.88,1.9,2.64,0.18,2.46,107.56,2.84,5.19,0.24,4.95,108.75,6.13,6.39,0.93
2021,3,23,96.49,2.2,3.23,1.39,1.84,99.56,3.7,5.39,1.99,3.4,100.31,2.56,5.93,1.02
2021,3,24,95.98,1.31,2.36,0.13,2.23,176.62,2.7,5.12,0.31,4.8,178.88,2.11,5.82,0.48
2021,3,25,95.96,2.7,5.78,0.36,5.43,206.44,4.63,9.39,0.39,9.01,207.44,2.72,5.81,1.14
2021,3,26,95.63,5.48,7.87,2.34,5.53,261.88,8.93,12.23,5.02,7.2,262.5,6.29,6.34,2.55
2021,3,27,96.27,2.46,4.28,0.84,3.44,222.25,4.22,5.93,1.04,4.89,222.94,4.34,6.16,1.09
2021,3,28,95.21,5.59,8.97,2.27,6.7,235.81,8.88,13.41,4.7,8.7,237.38,2.1,5.78,2.61
2021,3,29,96.38,3.45,6.58,0.52,6.06,259.94,5.4,10.7,0.72,9.99,258.75,6.3,6.79,1.65
2021,3,30,96.65,3.61,5.57,2.25,3.32,191.31,6.0,8.06,3.64,4.43,192.94,6.49,6.72,1.61
2021,3,31,95.87,3.19,6.45,0.48,5.96,236.75,5.29,9.53,1.02,8.52,238.5,1.56,6.08,1.4
2021,4,1,96.01,5.56,6.62,3.31,3.3,318.81,8.11,9.23,5.66,3.57,319.31,4.58,6.8,2.71
2021,4,2,96.8,4.96,6.87,2.37,4.5,324.81,7.8,9.42,4.99,4.43,325.44,6.78,7.21,2.31
2021,4,3,96.96,1.91,2.48,1.18,1.3,282.25,3.33,4.85,1.99,2.86,283.56,6.72,6.9,0.81
2021,4,4,96.32,3.86,5.3,2.66,2.64,299.75,6.89,7.8,5.1,2.7,300.31,6.79,6.8,1.6
2021,4,5,96.18,2.07,2.82,1.34,1.49,275.31,3.52,6.18,1.92,4.25,274.62,6.32,6.7,0.91
2021,4,6,95.91,2.38,3.3,1.54,1.76,317.31,4.02,5.75,2.19,3.55,316.06,5.78,6.63,1.02
2021,4,7,95.83,2.54,3.52,1.16,2.35,242.81,4.45,6.89,1.92,4.97,242.81,5.39,6.45,1.07
2021,4,8,95.87,3.34,5.24,1.54,3.7,125.62,5.2,7.29,2.89,4.4,128.0,5.91,6.26,1.53
2021,4,9,95.97,2.12,3.06,1.29,1.77,131.75,3.45,4.73,2.34,2.38,135.81,2.94,6.48,0.99
2021,4,10,95.48,2.95,4.84,1.05,3.78,157.31,4.64,8.11,1.88,6.23,160.38,3.96,6.61,1.34
2021,4,11,94.39,3.34,5.08,2.06,3.01,240.5,5.73,8.41,3.96,4.45,242.38,6.33,7.0,1.53
2021,4,12,95.0,2.32,3.37,1.17,2.2,297.19,3.99,4.81,2.03,2.78,296.19,3.3,6.91,1.02
2021,4,13,96.02,2.13,3.42,1.12,2.3,241.06,3.4,4.71,1.72,2.98,268.12,6.05,7.04,0.96
2021,4,14,95.92,1.34,2.55,0.26,2.29,167.94,2.14,3.22,0.29,2.93,197.0,1.92,6.41,0.66
2021,4,15,95.23,3.61,5.71,1.41,4.3,298.75,6.05,8.25,3.23,5.02,298.44,4.4,7.35,1.59
2021,4,16,95.25,3.68,5.32,2.42,2.9,302.25,6.44,7.55,5.21,2.35,302.38,6.05,7.32,1.53
2021,4,17,95.35,2.16,3.31,1.12,2.19,314.75,3.45,4.68,1.63,3.05,314.06,4.83,7.18,0.95
2021,4,18,95.5,1.53,1.96,0.63,1.33,294.75,2.37,3.38,0.83,2.55,295.31,4.09,7.25,0.75
2021,4,19,95.47,1.23,2.42,0.57,1.84,268.56,2.1,5.09,0.88,4.2,277.88,5.12,7.25,0.58
2021,4,20,95.63,3.66,4.95,2.46,2.48,222.62,6.35,8.68,2.94,5.74,224.62,7.48,7.56,1.59
2021,4,21,95.33,4.77,7.02,2.18,4.84,277.81,7.4,9.59,4.16,5.42,277.56,5.37,7.39,2.17
2021,4,22,95.94,4.16,6.0,2.61,3.39,295.69,7.16,8.6,5.71,2.89,296.19,5.46,7.57,1.75
2021,4,23,96.24,2.42,2.96,1.66,1.3,279.94,4.0,5.38,3.08,2.3,281.25,6.16,7.71,1.01
2021,4,24,95.81,2.07,3.09,0.23,2.86,176.38,3.04,4.44,0.38,4.05,177.94,3.22,7.09,1.02
2021,4,25,95.4,3.62,5.64,1.95,3.69,295.81,5.88,7.95,2.68,5.27,296.62,4.43,7.43,1.62
2021,4,26,96.24,2.45,3.94,1.09,2.84,279.0,3.98,5.57,1.66,3.91,276.5,7.74,7.8,1.09
2021,4,27,95.97,3.02,3.96,1.95,2.02,229.5,5.71,7.43,2.5,4.93,232.0,7.27,7.61,1.2
2021,4,28,95.79,2.88,3.78,2.06,1.72,254.38,5.51,6.83,4.19,2.64,256.5,5.86,7.19,1.12
2021,4,29,95.17,3.81,5.79,1.85,3.94,244.5,6.88,9.66,4.26,5.41,246.5,3.32,6.75,1.58
2021,4,30,95.32,6.38,7.98,3.52,4.45,303.94,10.34,11.89,7.25,4.64,304.0,7.36,8.01,2.91
2021,5,1,95.96,3.21,5.12,1.83,3.3,287.31,5.7,9.63,2.71,6.92,288.12,8.38,8.37,1.34
2021,5,2,95.59,3.02,4.32,2.11,2.21,239.5,5.54,6.73,3.31,3.41,241.75,6.83,7.83,1.21
2021,5,3,95.27,2.66,4.9,1.01,3.89,220.5,4.72,7.06,1.88,5.19,222.44,3.53,6.91,1.1
2021,5,4,95.22,2.54,3.8,1.49,2.3,236.69,4.62,5.88,3.25,2.64,239.5,4.79,7.29,0.99
2021,5,5,95.32,3.62,5.97,1.7,4.27,283.94,5.8,8.03,2.33,5.7,283.69,5.65,7.58,1.62
2021,5,6,95.97,2.45,4.09,1.3,2.78,312.94,3.84,7.22,1.94,5.28,311.88,7.32,8.26,1.15
2021,5,7,95.55,2.34,5.01,0.24,4.77,253.0,3.71,7.45,0.3,7.16,254.69,3.26,7.6,1.11
2021,5,8,95.8,3.55,5.99,1.12,4.88,292.44,5.62,8.39,1.56,6.83,292.12,7.45,8.21,1.61
2021,5,9,95.71,4.16,6.94,0.45,6.48,210.06,6.67,10.03,0.62,9.41,212.81,4.88,7.61,1.91
2021,5,10,95.75,3.14,4.55,1.78,2.77,322.81,5.09,6.89,3.87,3.02,320.5,6.37,8.02,1.38
2021,5,11,96.28,2.59,4.34,1.42,2.93,305.81,4.52,6.55,2.01,4.53,306.31,6.25,7.98,1.12
2021,5,12,96.67,2.68,3.73,1.55,2.17,196.69,4.48,6.23,3.06,3.17,196.38,6.28,8.39,1.21
2021,5,13,96.75,2.23,2.76,1.51,1.25,159.06,3.66,5.38,2.89,2.48,142.88,7.84,8.43,1.0
2021,5,14,96.77,1.47,2.5,0.33,2.18,226.75,2.33,4.45,0.68,3.77,240.31,5.43,8.26,0.65
2021,5,15,96.73,1.66,2.62,0.75,1.87,191.75,2.68,5.64,0.83,4.81,191.94,6.84,8.22,0.73
2021,5,16,96.72,1.48,2.29,0.68,1.62,178.25,2.63,4.91,0.62,4.29,181.94,2.35,7.69,0.7
2021,5,17,96.86,1.45,2.18,0.15,2.03,155.56,2.07,3.3,0.41,2.88,154.31,5.97,7.83,0.74
2021,5,18,97.05,2.09,2.75,1.26,1.49,193.44,3.09,4.62,1.88,2.74,194.25,6.99,8.04,1.02
2021,5,19,97.1,2.05,2.59,0.41,2.17,188.31,3.45,4.88,0.56,4.32,188.5,8.15,8.27,0.84
2021,5,20,97.28,2.19,3.07,0.68,2.39,194.56,3.86,5.76,0.93,4.82,194.06,7.89,8.19,0.95
2021,5,21,97.5,2.03,2.97,0.82,2.15,167.62,3.36,5.56,0.73,4.82,167.94,8.12,8.17,0.89
2021,5,22,96.98,2.88,3.88,2.12,1.76,301.38,5.22,5.88,3.3,2.58,301.19,5.66,7.8,1.21
2021,5,23,96.38,3.43,4.73,2.31,2.41,306.19,5.89,6.97,4.72,2.25,307.06,6.62,7.89,1.52
2021,5,24,96.52,2.08,2.86,1.23,1.63,167.12,3.31,5.56,1.41,4.15,172.19,2.25,6.86,1.05
2021,5,25,96.61,2.49,3.49,1.86,1.63,187.0,3.91,5.48,2.63,2.85,192.56,5.56,7.52,1.23
2021,5,26,96.18,2.69,4.4,1.74,2.66,256.06,4.8,6.55,2.61,3.94,257.44,6.6,7.66,1.16
2021,5,27,96.07,1.99,2.5,1.55,0.95,251.56,3.59,4.74,2.33,2.41,250.31,7.74,8.43,0.88
2021,5,28,95.49,2.09,3.86,1.07,2.79,159.94,3.59,5.59,2.2,3.38,163.56,3.88,7.39,0.95
2021,5,29,95.59,3.39,5.35,1.59,3.76,55.38,4.72,6.8,3.26,3.55,55.75,2.23,7.96,1.73
2021,5,30,96.38,2.48,3.38,1.55,1.82,179.44,3.66,4.6,3.16,1.45,207.31,2.79,8.22,1.26
2021,5,31,96.82,1.73,3.09,0.32,2.78,241.94,2.75,4.33,0.14,4.19,268.94,7.58,8.51,0.8
2021,6,1,96.7,2.0,2.71,1.33,1.38,201.81,3.29,4.84,2.31,2.53,206.62,6.2,8.01,0.98
2021,6,2,96.45,2.42,3.52,1.43,2.09,176.62,4.23,5.1,2.7,2.41,178.75,5.61,7.65,1.12
2021,6,3,96.02,2.37,3.78,1.38,2.41,206.75,4.16,5.39,3.36,2.03,208.62,3.92,7.45,1.09
2021,6,4,95.94,2.33,3.32,1.37,1.95,283.25,4.04,4.68,2.91,1.77,283.25,7.16,8.17,1.03
2021,6,5,96.17,2.36,3.31,0.37,2.95,237.81,4.17,5.38,0.55,4.83,239.12,8.07,8.37,1.02
2021,6,6,96.28,1.75,2.41,0.45,1.96,233.25,3.27,4.84,0.59,4.24,233.75,6.84,8.23,0.74
2021,6,7,96.3,2.06,3.48,1.37,2.11,208.94,3.43,4.76,1.94,2.81,211.69,5.34,7.74,0.96
2021,6,8,96.28,1.45,2.04,0.77,1.27,276.31,2.73,4.05,1.3,2.75,277.06,5.87,7.78,0.61
2021,6,9,96.24,1.84,2.85,0.66,2.2,319.88,2.91,4.32,0.98,3.34,320.31,3.96,7.47,0.88
2021,6,10,95.9,1.7,2.45,0.74,1.7,202.56,2.99,3.84,0.93,2.91,203.25,4.6,7.64,0.78
2021,6,11,95.47,2.28,3.17,1.44,1.73,71.75,3.57,4.33,2.86,1.47,73.69,2.53,7.71,1.08
2021,6,12,95.48,2.06,2.58,1.41,1.17,58.81,3.13,3.59,2.48,1.11,58.12,4.32,7.91,1.02
2021,6,13,95.64,1.52,2.02,1.12,0.9,193.12,2.8,5.14,1.21,3.93,200.81,4.28,7.99,0.72
2021,6,14,95.46,2.01,2.37,1.55,0.83,270.88,3.76,5.91,2.66,3.24,271.44,7.89,8.29,0.87
2021,6,15,95.56,3.04,3.89,2.02,1.88,325.5,5.0,5.85,3.59,2.27,325.94,7.18,8.28,1.42
2021,6,16,95.86,2.8,3.58,1.95,1.62,318.25,4.7,5.41,3.93,1.48,318.19,8.64,8.71,1.27
2021,6,17,96.13,2.2,2.71,1.16,1.55,325.88,3.59,5.53,1.64,3.89,325.12,8.88,8.93,1.05
2021,6,18,96.0,2.48,3.88,1.62,2.26,230.12,4.16,5.73,2.44,3.3,232.69,7.57,8.37,1.16
2021,6,19,95.58,2.7,4.54,1.4,3.14,258.88,5.06,6.8,2.2,4.59,260.5,4.02,7.6,1.11
2021,6,20,95.49,2.12,3.04,1.56,1.48,220.56,3.82,5.53,2.17,3.36,222.69,6.93,7.82,0.94
2021,6,21,95.14,2.57,4.58,1.48,3.09,237.44,4.64,6.7,2.06,4.62,239.31,6.49,7.81,1.13
2021,6,22,95.51,2.85,4.16,1.82,2.34,322.5,4.6,6.03,2.95,3.09,321.5,2.85,8.16,1.32
2021,6,23,96.6,1.91,2.31,1.27,1.04,160.69,3.22,4.78,1.34,3.44,159.06,8.35,8.7,0.85
2021,6,24,96.93,2.13,3.22,1.0,2.22,148.06,3.34,5.38,1.77,3.6,149.0,8.42,8.46,1.01
2021,6,25,96.77,2.78,4.41,1.59,2.82,180.56,4.52,6.07,2.74,3.33,182.5,8.22,8.53,1.29
2021,6,26,96.58,2.84,4.6,1.59,3.02,186.31,4.82,6.17,2.76,3.41,189.06,6.61,8.06,1.34
2021,6,27,96.59,2.32,2.9,1.7,1.2,196.75,4.07,5.08,3.41,1.67,199.69,6.94,7.94,1.05
2021,6,28,96.78,2.08,2.78,0.66,2.12,186.5,3.72,5.42,0.53,4.89,188.5,7.46,8.07,0.95
2021,6,29,96.78,2.25,3.39,1.35,2.04,210.0,3.95,5.95,1.55,4.39,211.62,7.99,8.26,1.02
2021,6,30,96.27,1.95,2.91,0.99,1.93,253.69,3.37,4.86,1.31,3.55,255.25,7.78,8.21,0.88
2021,7,1,95.7,2.6,5.52,0.36,5.16,251.81,4.11,8.1,0.94,7.16,252.06,4.37,7.66,1.27
2021,7,2,95.42,2.91,4.8,0.4,4.39,301.81,4.69,6.56,0.61,5.95,301.25,5.86,8.34,1.39
2021,7,3,95.55,3.33,4.7,2.05,2.64,311.12,5.54,6.63,4.42,2.21,311.94,6.78,8.1,1.51
2021,7,4,95.77,1.55,2.88,0.17,2.7,245.62,2.68,5.23,0.34,4.89,260.5,6.42,8.04,0.7
2021,7,5,96.16,1.2,2.14,0.17,1.96,187.0,1.85,4.18,0.05,4.12,172.0,7.16,7.64,0.58
2021,7,6,96.22,1.74,2.18,0.6,1.59,252.19,2.85,4.48,0.91,3.57,254.06,7.4,7.53,0.77
2021,7,7,96.04,1.73,2.15,0.43,1.72,222.69,3.03,4.88,0.38,4.49,224.25,5.82,7.3,0.76
2021,7,8,95.87,1.76,3.08,0.76,2.32,202.88,2.89,4.23,1.2,3.03,203.31,3.0,7.26,0.81
2021,7,9,95.74,2.41,3.35,1.68,1.67,285.56,4.31,5.54,2.42,3.12,286.38,6.36,7.86,1.05
2021,7,10,96.06,1.72,2.77,0.68,2.09,262.69,3.09,4.2,1.41,2.8,261.38,7.04,7.87,0.81
2021,7,11,96.05,2.91,4.67,1.54,3.13,180.25,4.68,6.34,2.83,3.52,182.88,5.92,7.41,1.43
2021,7,12,96.33,2.28,3.45,1.4,2.05,212.12,3.99,5.16,2.57,2.59,215.38,6.85,7.82,1.09
2021,7,13,96.57,2.98,5.34,1.55,3.78,213.88,4.98,7.37,2.84,4.53,216.31,7.66,7.98,1.41
2021,7,14,96.59,1.74,2.83,1.24,1.59,251.12,3.08,4.3,2.22,2.08,252.62,5.73,7.59,0.77
2021,7,15,96.38,1.77,2.31,1.24,1.08,259.25,3.16,4.43,1.84,2.59,260.31,6.35,7.32,0.77
2021,7,16,96.22,1.88,2.23,1.35,0.88,254.19,3.28,4.6,2.01,2.59,255.88,7.11,7.68,0.82
2021,7,17,96.16,2.44,4.63,1.38,3.26,241.06,3.95,6.7,1.88,4.82,241.94,5.94,7.65,1.15
2021,7,18,96.27,2.76,4.22,1.41,2.81,312.62,4.36,5.77,2.66,3.11,312.69,6.33,7.52,1.3
2021,7,19,96.2,1.63,2.19,0.93,1.27,204.0,2.71,4.93,1.33,3.6,201.25,6.2,6.87,0.77
2021,7,20,95.95,1.57,2.55,0.48,2.06,211.56,2.79,5.44,0.45,4.99,212.19,6.48,6.72,0.69
2021,7,21,95.88,2.59,3.99,1.8,2.2,312.62,4.54,5.6,3.28,2.32,312.44,5.4,6.55,1.16
2021,7,22,96.43,1.76,2.21,1.17,1.04,208.44,2.84,4.38,1.76,2.62,264.94,7.21,7.76,0.86
2021,7,23,96.46,1.34,2.15,0.67,1.48,154.88,2.08,4.3,0.97,3.33,176.25,6.71,7.56,0.65
2021,7,24,96.17,1.97,4.26,0.4,3.86,197.44,2.63,6.07,0.52,5.55,204.19,5.59,7.17,1.12
2021,7,25,95.81,2.0,2.55,1.39,1.16,226.75,3.45,4.46,2.53,1.93,230.12,4.76,6.99,0.95
2021,7,26,95.9,1.46,2.23,0.39,1.84,280.12,2.34,3.81,0.66,3.16,283.06,5.36,7.38,0.69
2021,7,27,96.0,1.45,2.52,0.52,1.99,164.25,2.59,4.97,0.7,4.27,232.25,7.36,7.58,0.66
2021,7,28,96.01,1.68,2.42,0.8,1.62,261.19,2.93,5.2,1.24,3.95,259.31,6.92,7.53,0.72
2021,7,29,95.79,2.16,3.72,0.87,2.85,265.44,3.85,5.63,1.27,4.36,267.19,4.1,5.45,0.95
2021,7,30,95.7,2.83,4.1,1.72,2.38,315.94,4.81,5.67,3.61,2.06,315.56,6.45,7.79,1.3
2021,7,31,95.91,1.29,1.97,0.27,1.7,183.44,2.24,4.79,0.52,4.27,192.25,5.81,7.57,0.66
2021,8,1,95.64,1.33,2.33,0.46,1.86,266.12,2.45,4.93,0.65,4.28,266.81,4.45,7.09,0.59
2021,8,2,96.08,1.94,3.23,1.27,1.97,214.44,3.17,4.55,1.45,3.11,227.75,6.83,7.87,0.88
2021,8,3,96.27,1.7,2.48,0.67,1.8,109.56,2.66,4.15,0.94,3.21,110.75,5.15,7.44,0.84
2021,8,4,96.27,2.25,3.58,0.45,3.12,79.88,3.21,4.58,0.62,3.95,79.5,7.15,7.52,1.15
2021,8,5,96.4,1.27,2.19,0.34,1.85,255.38,2.16,4.31,0.66,3.66,269.12,6.21,7.34,0.56
2021,8,6,96.47,2.38,3.22,1.56,1.65,194.44,3.91,5.58,2.12,3.46,196.0,6.53,7.44,1.09
2021,8,7,96.22,1.3,1.82,0.21,1.61,149.88,1.99,3.49,0.16,3.34,147.25,3.21,7.12,0.65
2021,8,8,96.24,1.26,2.01,0.38,1.62,193.25,1.98,4.2,0.14,4.06,195.06,5.94,7.03,0.6
2021,8,9,96.37,2.0,3.25,0.34,2.91,214.5,3.49,6.2,0.7,5.52,217.88,6.04,6.98,0.9
2021,8,10,96.36,1.81,2.62,1.26,1.36,221.12,3.27,4.17,1.89,2.28,225.38,5.12,6.81,0.82
2021,8,11,96.26,2.04,3.77,1.42,2.35,244.81,3.38,4.86,1.97,2.89,247.06,5.05,6.98,0.98
2021,8,12,96.22,1.93,3.05,1.45,1.59,249.62,3.49,4.27,2.21,2.05,252.75,6.7,6.98,0.83
2021,8,13,96.31,1.51,2.12,0.91,1.2,240.56,2.55,3.34,1.34,1.99,242.25,4.14,7.06,0.66
2021,8,14,96.38,1.22,2.01,0.3,1.71,211.94,2.17,3.51,0.66,2.85,213.12,4.44,6.77,0.56
2021,8,15,96.54,1.98,2.73,1.07,1.67,64.69,3.09,3.73,2.55,1.18,66.44,2.48,6.53,0.97
2021,8,16,96.36,2.63,4.02,1.29,2.73,146.94,4.31,5.51,2.71,2.79,148.94,3.49,6.73,1.25
2021,8,17,96.42,2.42,3.73,1.31,2.41,161.94,4.19,5.22,2.61,2.61,163.38,3.84,6.77,1.12
2021,8,18,96.17,3.93,6.45,1.91,4.53,190.62,6.52,9.35,4.62,4.74,193.69,4.57,6.74,1.8
2021,8,19,96.15,1.97,2.78,1.35,1.43,300.19,3.35,4.2,2.58,1.62,300.12,5.05,6.76,0.91
2021,8,20,95.83,2.02,3.77,0.96,2.8,196.25,3.17,5.16,2.23,2.93,195.38,4.36,6.61,0.97
2021,8,21,95.73,1.23,1.8,0.57,1.23,157.19,1.95,3.79,0.83,2.96,155.81,6.48,6.84,0.55
2021,8,22,95.73,1.34,2.34,0.14,2.2,140.88,2.1,3.96,0.2,3.77,153.75,5.3,6.71,0.64
2021,8,23,95.79,2.44,3.28,1.77,1.51,311.62,4.37,4.8,3.76,1.05,312.06,6.23,6.67,1.05
2021,8,24,96.12,1.53,2.59,0.1,2.49,240.06,2.68,4.88,0.16,4.7,265.94,6.73,6.74,0.7
2021,8,25,96.39,1.55,1.98,0.37,1.61,223.0,2.5,3.66,0.33,3.33,241.62,6.16,6.61,0.71
2021,8,26,96.43,1.38,1.98,0.41,1.58,228.56,2.24,3.3,0.75,2.55,230.75,5.75,6.42,0.63
2021,8,27,96.37,1.41,1.86,1.12,0.73,237.25,2.46,3.18,1.66,1.52,235.44,5.89,6.46,0.61
2021,8,28,96.58,1.5,1.91,0.86,1.05,195.56,2.66,4.23,0.67,3.56,210.62,6.05,6.51,0.67
2021,8,29,96.46,1.01,1.65,0.2,1.45,169.62,1.9,3.84,0.37,3.47,184.12,3.97,6.44,0.45
2021,8,30,95.85,1.63,2.35,0.88,1.47,273.19,3.07,3.92,1.32,2.6,275.44,5.09,6.48,0.68
2021,8,31,95.52,1.11,1.65,0.18,1.46,194.0,2.36,4.28,0.42,3.86,198.75,2.78,6.01,0.46
2021,9,1,94.88,3.55,5.58,1.44,4.14,205.56,5.68,8.6,3.57,5.03,208.62,1.7,6.36,1.67
2021,9,2,95.86,3.34,4.69,2.18,2.51,298.19,5.64,7.77,4.09,3.68,284.12,7.1,7.07,1.51
2021,9,3,96.25,1.84,2.41,1.2,1.2,144.62,3.28,5.73,1.61,4.12,172.94,6.87,6.85,0.8
2021,9,4,96.03,1.66,2.26,0.41,1.86,203.75,2.82,5.16,0.53,4.62,207.44,6.25,6.61,0.82
2021,9,5,95.57,2.27,3.67,1.4,2.27,239.25,4.22,5.26,2.75,2.51,241.75,2.21,5.73,0.98
2021,9,6,95.75,2.31,3.41,1.72,1.69,302.38,4.08,5.03,3.19,1.84,302.44,6.36,6.57,0.97
2021,9,7,95.91,2.34,2.91,2.01,0.91,228.12,4.47,6.1,2.71,3.39,230.12,6.37,6.47,0.98
2021,9,8,95.45,2.45,3.66,1.03,2.62,226.0,4.5,5.95,2.36,3.58,228.5,5.63,6.24,1.09
2021,9,9,95.48,2.2,3.22,1.34,1.88,325.44,4.0,6.11,2.87,3.24,325.94,3.78,6.23,0.95
2021,9,10,96.12,2.66,4.59,1.62,2.98,328.0,4.29,6.66,2.33,4.33,327.88,5.75,6.35,1.21
2021,9,11,96.54,2.06,2.91,0.92,1.98,240.75,3.48,5.45,1.23,4.22,243.0,5.62,6.14,0.99
2021,9,12,96.49,2.62,3.85,2.09,1.77,250.31,5.01,6.1,3.38,2.73,252.69,5.0,5.13,1.04
2021,9,13,96.38,1.75,2.7,0.72,1.99,297.94,3.12,5.19,1.16,4.02,296.81,5.0,5.04,0.73
2021,9,14,96.13,1.98,2.72,0.5,2.21,230.56,3.87,6.21,0.62,5.59,233.5,4.79,5.09,0.8
2021,9,15,95.95,2.25,3.68,0.91,2.77,215.19,3.98,5.94,1.65,4.29,218.31,5.38,5.76,0.99
2021,9,16,96.39,1.93,2.84,0.8,2.04,66.94,3.26,4.39,1.86,2.53,68.44,3.37,5.37,0.91
2021,9,17,96.52,1.55,2.17,0.29,1.88,66.38,2.52,3.41,0.39,3.02,66.5,3.5,5.66,0.73
2021,9,18,96.36,1.09,1.99,0.37,1.62,186.81,1.69,3.33,0.49,2.83,198.62,4.82,5.7,0.55
2021,9,19,96.5,1.86,2.46,1.38,1.08,128.44,3.45,5.45,1.55,3.89,128.0,5.31,5.72,0.8
2021,9,20,96.76,2.23,3.37,1.23,2.14,126.56,3.72,5.35,2.57,2.78,128.38,2.53,5.63,0.99
2021,9,21,96.65,2.1,2.95,1.27,1.68,112.5,3.58,5.65,1.76,3.89,114.88,2.26,5.58,0.95
2021,9,22,95.64,4.34,5.88,1.97,3.92,154.88,6.77,9.17,3.7,5.48,157.19,1.44,5.26,2.08
2021,9,23,95.6,2.43,3.35,1.62,1.73,283.94,3.73,4.55,2.73,1.82,283.69,5.05,5.89,1.14
2021,9,24,96.21,1.15,2.08,0.09,1.98,267.44,2.02,4.59,0.12,4.46,307.56,6.06,6.01,0.5
2021,9,25,96.04,1.71,2.38,0.75,1.63,264.5,2.88,5.77,0.95,4.81,266.88,5.11,5.78,0.83
2021,9,26,96.11,2.56,3.34,1.89,1.45,290.0,4.48,5.58,3.31,2.27,290.88,5.83,5.82,1.05
2021,9,27,96.03,2.51,3.23,1.59,1.64,243.56,4.84,6.24,1.96,4.28,246.06,5.61,5.59,0.99
2021,9,28,95.74,2.54,3.59,1.74,1.84,278.38,4.87,5.66,3.97,1.7,279.19,3.36,4.92,0.95
2021,9,29,96.08,1.8,2.2,0.88,1.32,114.62,3.02,4.41,1.16,3.26,171.56,5.22,5.5,0.79
2021,9,30,96.41,2.1,2.44,1.18,1.26,261.88,3.34,4.6,1.63,2.98,260.94,5.67,5.63,0.94
2021,10,1,96.73,1.28,1.91,0.29,1.61,249.5,1.89,2.98,0.41,2.58,243.25,5.55,5.53,0.66
2021,10,2,96.44,1.84,2.41,1.08,1.33,246.06,3.02,4.3,1.62,2.67,248.19,5.3,5.42,0.81
2021,10,3,95.96,2.28,3.09,1.72,1.38,233.75,4.22,4.98,2.11,2.88,234.31,4.27,4.78,0.93
2021,10,4,95.83,2.07,2.91,1.34,1.56,219.25,3.7,4.59,2.77,1.82,221.0,4.2,4.93,0.88
2021,10,5,96.48,1.64,1.88,1.24,0.64,139.25,2.95,4.32,1.98,2.34,140.69,3.97,4.82,0.71
2021,10,6,96.94,1.84,2.64,1.3,1.34,108.5,3.4,4.03,2.93,1.1,109.62,1.53,4.64,0.79
2021,10,7,96.79,1.52,1.98,1.0,0.98,124.0,2.64,4.05,1.55,2.52,125.19,1.85,4.58,0.65
2021,10,8,96.37,1.48,2.3,0.91,1.38,152.56,2.37,3.33,1.34,1.99,152.94,2.2,4.72,0.7
2021,10,9,96.32,1.91,2.82,1.17,1.65,79.62,3.49,4.28,2.86,1.42,81.12,1.8,4.46,0.87
2021,10,10,96.18,2.13,2.95,1.32,1.62,39.94,3.81,4.59,3.12,1.47,42.38,1.75,4.75,0.98
2021,10,11,96.13,1.61,2.12,0.52,1.61,59.75,2.66,3.44,1.05,2.39,60.5,2.64,4.73,0.74
2021,10,12,96.15,1.07,2.0,0.12,1.88,147.5,1.73,4.46,0.16,4.3,169.19,2.61,4.65,0.51
2021,10,13,96.07,1.17,2.1,0.22,1.89,279.31,2.04,3.84,0.36,3.48,282.38,3.65,4.65,0.48
2021,10,14,95.98,1.88,2.63,0.48,2.16,194.94,3.16,5.55,0.63,4.91,223.25,4.23,4.54,0.85
2021,10,15,95.74,2.17,3.55,0.81,2.74,231.81,3.84,5.36,1.19,4.17,234.25,3.22,4.37,0.9
2021,10,16,95.33,3.69,6.42,1.99,4.43,257.38,6.31,9.45,4.23,5.21,258.75,1.84,4.15,1.59
2021,10,17,95.87,3.56,5.24,2.62,2.62,303.06,6.5,7.77,5.57,2.2,304.06,3.7,4.76,1.44
2021,10,18,96.03,3.46,5.48,2.42,3.06,296.69,6.29,8.08,4.41,3.66,297.81,4.83,4.78,1.37
2021,10,19,96.38,2.5,2.7,2.02,0.68,288.88,4.59,5.42,2.93,2.49,289.75,4.72,4.67,0.94
2021,10,20,96.41,2.33,2.69,1.59,1.1,268.81,4.18,5.8,2.8,3.0,270.12,4.45,4.57,0.92
2021,10,21,95.92,2.91,4.4,1.71,2.7,239.56,5.39,7.7,2.14,5.56,241.31,4.38,4.45,1.16
2021,10,22,95.75,1.68,2.95,0.54,2.41,304.44,3.16,5.21,0.84,4.38,316.56,3.64,4.34,0.66
2021,10,23,95.92,2.2,4.09,1.29,2.79,303.69,3.71,5.92,2.01,3.91,303.19,3.19,4.17,0.96
2021,10,24,96.19,2.48,4.34,0.65,3.7,207.69,4.23,7.08,1.05,6.02,210.88,4.07,4.12,1.1
2021,10,25,95.45,2.37,4.66,0.62,4.04,238.12,4.27,6.52,1.36,5.16,239.75,3.24,4.02,1.0
2021,10,26,94.86,5.57,7.88,2.3,5.58,305.31,8.79,11.38,4.75,6.63,306.31,2.82,4.24,2.54
2021,10,27,95.42,4.16,5.81,2.05,3.77,328.12,6.45,9.34,4.08,5.26,329.88,4.19,4.14,1.91
2021,10,28,95.44,2.85,4.2,0.93,3.27,152.69,4.48,6.38,1.47,4.91,154.38,1.74,4.0,1.27
2021,10,29,94.42,3.11,6.27,0.11,6.16,106.81,4.75,9.7,0.17,9.52,110.62,1.71,3.84,1.46
2021,10,30,94.38,1.92,2.76,1.31,1.44,182.25,3.49,4.16,2.59,1.56,185.69,1.3,3.78,0.86
2021,10,31,95.17,3.3,5.26,1.79,3.47,285.75,5.59,7.35,3.55,3.81,286.56,2.72,3.87,1.43
2021,11,1,96.35,2.32,3.25,1.3,1.95,318.75,3.98,5.37,2.31,3.06,317.75,3.98,4.05,0.91
2021,11,2,96.59,1.92,2.5,1.29,1.22,308.44,3.38,5.08,1.8,3.27,307.62,1.09,3.51,0.76
2021,11,3,96.81,2.09,2.83,1.22,1.61,223.81,3.52,5.3,2.27,3.03,223.81,4.02,4.1,0.87
2021,11,4,96.74,1.32,1.96,0.43,1.54,108.5,1.95,3.23,0.59,2.64,113.25,3.02,3.86,0.64
2021,11,5,96.95,2.26,3.24,1.03,2.21,160.06,3.74,5.59,1.45,4.14,160.19,3.82,3.91,1.0
2021,11,6,96.85,1.9,2.87,1.14,1.73,49.0,2.88,3.77,1.69,2.09,49.44,3.69,3.96,0.93
2021,11,7,96.45,2.67,3.38,1.77,1.6,160.12,4.66,6.73,3.33,3.41,189.75,3.78,3.89,1.09
2021,11,8,96.56,2.94,3.79,1.77,2.02,323.62,4.98,6.51,3.17,3.34,323.94,3.65,3.69,1.18
2021,11,9,96.42,2.53,3.15,1.44,1.71,269.31,4.8,6.73,2.2,4.52,270.69,3.76,3.75,0.9
2021,11,10,96.37,2.32,3.19,1.3,1.88,201.56,4.22,6.3,1.39,4.91,216.19,3.49,3.46,0.89
2021,11,11,96.21,2.98,5.27,1.23,4.03,145.62,5.01,8.91,1.71,7.2,148.0,2.82,3.44,1.26
2021,11,12,95.69,3.2,5.77,1.77,4.01,237.62,5.33,9.57,3.64,5.93,238.81,3.56,3.6,1.42
2021,11,13,95.53,3.41,6.41,2.08,4.34,280.81,5.92,9.08,4.06,5.01,280.81,2.97,3.54,1.38
2021,11,14,95.54,2.59,4.6,1.65,2.95,232.56,4.51,6.45,2.33,4.12,234.94,2.25,3.41,1.03
2021,11,15,95.81,3.61,5.66,1.93,3.73,282.56,6.45,8.18,3.47,4.71,283.31,3.12,3.55,1.42
2021,11,16,96.38,1.92,2.2,0.91,1.28,225.25,3.24,4.37,1.46,2.91,228.38,2.33,3.36,0.82
2021,11,17,96.43,2.53,4.45,1.59,2.86,217.0,4.65,6.55,2.08,4.48,219.25,3.18,3.23,1.04
2021,11,18,96.14,3.83,5.73,2.58,3.15,250.31,6.57,9.09,4.34,4.75,251.62,2.98,3.18,1.57
2021,11,19,97.04,3.33,4.9,0.83,4.07,284.0,5.9,8.41,1.2,7.2,283.81,3.48,3.52,1.38
2021,11,20,97.28,2.06,3.48,0.36,3.11,205.19,3.38,5.11,0.45,4.66,205.69,2.18,3.42,0.91
2021,11,21,96.4,2.12,2.87,1.48,1.4,220.19,4.06,5.07,1.84,3.23,221.75,1.71,3.01,0.81
2021,11,22,95.69,3.09,5.04,1.81,3.22,307.62,5.62,7.09,4.23,2.85,307.69,2.3,3.25,1.22
2021,11,23,96.3,3.0,4.44,2.09,2.35,312.31,5.23,6.24,4.15,2.09,312.75,3.39,3.37,1.2
2021,11,24,96.86,2.06,2.73,0.67,2.05,226.56,3.75,5.77,0.79,4.98,228.75,3.11,3.23,0.76
2021,11,25,96.02,2.52,3.05,2.09,0.97,257.12,4.97,6.02,2.89,3.12,258.44,2.59,3.06,0.87
2021,11,26,95.47,4.79,7.25,2.22,5.03,301.5,8.1,10.8,4.57,6.23,301.5,2.65,3.27,2.04
2021,11,27,95.74,2.68,4.05,1.15,2.91,271.62,4.77,6.52,1.88,4.63,272.0,3.06,3.12,1.09
2021,11,28,95.34,2.59,3.7,1.84,1.87,274.06,4.88,6.91,3.73,3.18,275.19,2.9,3.02,0.95
2021,11,29,95.86,3.2,5.23,1.8,3.43,305.12,5.62,7.38,3.42,3.95,305.44,2.74,3.16,1.27
2021,11,30,95.82,2.84,4.13,1.64,2.49,251.44,5.16,6.91,3.19,3.72,253.31,2.93,3.01,1.03
2021,12,1,96.18,2.27,3.5,0.56,2.94,230.62,4.2,5.79,0.64,5.16,232.12,1.67,2.95,0.84
2021,12,2,95.36,3.68,5.6,2.49,3.11,251.19,7.05,9.41,4.41,5.0,253.0,2.67,2.88,1.31
2021,12,3,95.9,2.18,3.7,0.61,3.09,246.69,3.71,8.01,0.93,7.08,246.31,2.62,2.9,0.91
2021,12,4,96.2,2.16,2.77,0.41,2.36,273.0,3.81,5.27,0.56,4.71,271.88,2.71,2.9,0.86
2021,12,5,96.59,2.45,3.89,1.2,2.7,181.06,4.13,5.28,1.8,3.48,182.06,1.42,2.79,0.98
2021,12,6,95.52,4.76,7.19,2.53,4.66,240.06,7.84,10.52,5.23,5.29,241.06,1.74,2.59,2.04
2021,12,7,96.3,1.64,3.72,0.61,3.12,230.06,3.08,7.55,0.9,6.66,231.0,2.17,3.02,0.62
2021,12,8,95.77,1.84,3.36,0.4,2.96,213.0,3.32,7.16,0.74,6.42,214.81,1.63,2.76,0.73
2021,12,9,96.28,2.24,3.45,1.25,2.2,218.06,3.8,5.73,1.86,3.87,219.44,1.8,2.91,0.95
2021,12,10,96.03,2.09,2.65,1.52,1.12,211.69,4.12,5.34,1.89,3.45,214.38,1.34,2.57,0.71
2021,12,11,95.27,5.02,7.59,2.38,5.21,224.69,8.15,12.02,4.71,7.31,226.31,0.84,2.38,2.16
2021,12,12,96.54,2.9,5.39,1.49,3.9,293.69,4.8,8.86,2.62,6.23,294.38,3.06,3.01,1.27
2021,12,13,96.85,2.09,2.87,1.05,1.81,276.0,3.77,5.78,1.95,3.84,276.62,2.91,2.95,0.77
2021,12,14,97.37,2.38,3.01,1.55,1.46,184.81,4.14,6.36,2.01,4.35,185.31,2.89,2.87,0.95
2021,12,15,97.26,2.48,4.12,1.25,2.87,166.44,4.17,5.96,1.91,4.05,167.94,2.56,2.75,1.08
2021,12,16,96.23,3.12,4.08,2.55,1.53,218.88,5.66,6.5,3.88,2.62,220.69,2.66,2.73,1.14
2021,12,17,96.33,1.77,2.67,0.52,2.15,203.44,3.31,5.48,0.94,4.54,204.19,1.47,2.63,0.67
2021,12,18,95.82,2.06,3.32,0.95,2.38,179.56,3.68,6.86,2.13,4.72,182.62,0.82,2.35,0.86
2021,12,19,96.2,4.11,5.34,2.34,3.0,339.81,6.69,7.92,4.86,3.06,339.5,1.82,2.84,1.84
2021,12,20,96.64,1.94,2.64,1.05,1.59,225.12,3.35,5.6,1.02,4.59,226.88,2.97,2.96,0.8
2021,12,21,95.83,1.62,2.14,1.0,1.15,185.94,3.02,4.52,1.72,2.8,187.19,1.38,2.88,0.61
2021,12,22,95.2,3.97,6.63,2.08,4.55,305.31,6.95,9.51,4.02,5.49,305.0,2.95,2.92,1.56
2021,12,23,96.25,2.05,3.25,0.68,2.57,244.75,3.87,7.04,1.24,5.8,247.06,2.54,2.81,0.77
2021,12,24,95.72,2.28,2.7,1.58,1.12,206.94,4.39,5.78,2.01,3.77,210.06,2.26,2.74,0.83
2021,12,25,94.78,3.64,6.03,2.23,3.8,243.25,6.65,9.59,4.45,5.14,245.69,1.63,2.53,1.43
2021,12,26,95.74,2.65,2.91,2.13,0.78,287.94,4.94,6.02,3.59,2.45,287.5,2.84,2.81,0.96
2021,12,27,95.63,2.73,5.49,1.12,4.38,153.25,4.48,7.23,2.03,5.2,156.88,0.94,2.41,1.23
2021,12,28,95.35,2.57,3.57,0.98,2.59,233.75,5.08,7.46,1.21,6.25,235.38,1.16,2.68,0.98
2021,12,29,95.31,1.47,3.04,0.44,2.61,254.06,2.8,6.15,1.02,5.12,253.31,1.82,2.5,0.57
2021,12,30,95.5,1.52,2.23,0.43,1.8,203.38,2.46,3.61,0.7,2.91,206.81,1.44,2.51,0.71
2021,12,31,95.54,2.51,4.88,1.64,3.23,232.88,4.56,6.95,2.03,4.92,234.56,2.19,2.7,1.09
2022,1,1,94.97,3.35,5.49,1.81,3.68,217.0,6.46,10.41,3.59,6.83,219.5,1.07,2.42,1.35
2022,1,2,95.03,2.91,5.09,0.62,4.47,275.5,4.92,7.03,1.14,5.89,288.94,1.04,2.64,1.28
2022,1,3,96.02,5.19,6.85,2.84,4.01,186.94,7.7,9.35,5.45,3.9,187.25,1.13,2.89,2.52
2022,1,4,96.79,2.71,4.55,0.88,3.66,216.25,4.06,6.01,1.41,4.6,217.44,3.03,3.07,1.27
2022,1,5,95.47,3.4,3.84,2.51,1.33,216.69,5.44,6.4,4.88,1.52,219.44,1.3,2.98,1.42
2022,1,6,95.42,2.27,3.34,0.97,2.38,181.31,3.93,6.19,1.02,5.17,180.19,1.74,2.99,0.85
2022,1,7,96.05,4.88,6.21,2.98,3.24,312.06,7.34,8.63,4.22,4.41,312.12,2.82,3.14,2.38
2022,1,8,97.34,2.52,3.7,0.32,3.38,223.62,3.91,5.96,0.46,5.51,225.38,3.01,3.1,1.2
2022,1,9,96.4,3.67,4.85,2.73,2.12,235.19,6.65,9.0,5.3,3.7,236.75,0.82,2.79,1.57
2022,1,10,96.48,5.45,6.47,4.77,1.7,307.19,8.5,10.28,6.89,3.39,306.69,3.07,3.22,2.62
2022,1,11,97.15,2.43,4.95,0.43,4.52,273.38,4.18,8.2,0.67,7.52,272.69,3.21,3.26,1.09
2022,1,12,96.31,2.82,3.76,2.29,1.47,231.75,5.04,5.59,3.67,1.91,234.12,2.81,3.11,1.1
2022,1,13,95.56,1.63,2.39,0.62,1.77,209.06,2.78,4.62,0.9,3.73,209.38,1.97,2.96,0.7
2022,1,14,95.49,3.78,5.77,2.57,3.2,334.56,6.65,7.93,5.29,2.64,335.06,1.83,3.05,1.69
2022,1,15,96.41,2.16,2.71,1.6,1.1,141.62,3.62,5.78,2.13,3.64,141.69,2.42,3.26,1.02
2022,1,16,95.58,3.45,6.41,1.38,5.04,77.31,5.02,9.84,2.55,7.28,81.31,0.6,3.0,1.73
2022,1,17,93.77,6.34,8.6,1.55,7.05,277.62,9.96,12.47,3.1,9.37,279.19,0.96,3.18,3.09
2022,1,18,95.87,3.22,5.76,1.18,4.58,273.62,5.48,10.2,1.69,8.5,274.81,2.7,3.35,1.44
2022,1,19,95.99,3.15,4.84,2.16,2.69,220.19,5.8,7.1,4.31,2.78,222.31,2.23,3.16,1.35
2022,1,20,96.33,3.79,4.87,2.06,2.81,281.62,5.92,6.75,4.19,2.57,295.94,1.33,3.28,1.83
2022,1,21,97.07,3.28,4.14,2.02,2.12,25.69,4.45,5.81,3.39,2.41,25.75,2.35,3.47,1.75
2022,1,22,96.63,1.86,2.65,0.31,2.34,241.62,3.22,4.46,0.66,3.8,258.38,3.48,3.62,0.89
2022,1,23,95.41,2.41,3.1,1.6,1.5,249.38,4.43,6.82,2.47,4.35,252.38,2.3,3.34,1.03
2022,1,24,95.25,2.57,4.21,0.42,3.78,240.19,4.65,6.57,0.58,5.99,256.31,2.81,3.39,1.13
2022,1,25,95.72,2.83,3.7,1.81,1.9,301.38,4.91,6.23,3.59,2.64,300.69,2.37,3.44,1.23
2022,1,26,96.74,2.24,3.37,0.88,2.49,293.38,3.54,4.88,1.42,3.46,292.38,3.58,3.75,1.11
2022,1,27,96.72,1.92,3.22,0.39,2.83,184.75,3.19,5.17,0.57,4.6,188.31,3.3,3.62,0.95
2022,1,28,95.82,1.84,4.38,0.48,3.89,150.69,3.17,7.04,0.31,6.72,150.19,1.36,3.24,0.82
2022,1,29,95.48,6.15,8.16,3.55,4.61,321.81,8.83,10.89,6.81,4.09,322.88,2.93,3.88,3.15
2022,1,30,95.79,2.37,3.54,1.3,2.24,221.31,3.77,6.05,1.95,4.1,224.44,1.87,3.55,1.12
2022,1,31,96.43,1.73,2.38,1.0,1.38,108.19,2.68,5.36,1.38,3.97,110.5,2.43,3.36,0.87
2022,2,1,97.02,2.12,3.52,0.66,2.88,137.25,3.45,5.39,1.04,4.35,139.12,2.75,3.57,0.99
2022,2,2,96.81,2.7,4.58,1.63,2.95,184.12,5.05,6.38,2.84,3.54,185.12,3.26,3.73,1.16
2022,2,3,96.21,3.29,5.43,2.31,3.11,199.81,6.55,10.41,3.76,6.65,200.5,1.0,3.55,1.36
2022,2,4,95.64,3.69,5.82,1.95,3.88,290.69,6.28,10.45,3.59,6.86,289.38,0.83,3.51,1.73
2022,2,5,96.78,3.98,6.46,1.55,4.91,263.31,6.05,8.8,2.8,6.0,262.88,4.11,4.19,2.05
2022,2,6,97.14,2.26,3.16,1.64,1.52,143.31,3.47,4.1,2.88,1.23,145.44,4.16,4.1,1.12
2022,2,7,96.35,1.57,2.34,0.52,1.82,234.94,2.41,4.16,0.69,3.48,237.44,2.07,4.01,0.78
2022,2,8,95.95,2.86,4.17,1.53,2.65,289.31,4.8,5.59,2.48,3.12,288.69,4.19,4.19,1.28
2022,2,9,95.72,2.98,4.77,1.65,3.11,227.38,5.6,8.16,2.02,6.14,228.81,4.21,4.17,1.27
2022,2,10,95.57,3.72,6.21,2.65,3.56,260.56,6.77,8.89,3.96,4.93,261.0,3.96,4.22,1.62
2022,2,11,95.59,3.8,6.87,2.1,4.77,225.75,6.59,10.07,3.38,6.69,227.25,4.21,4.22,1.72
2022,2,12,95.9,3.03,4.59,1.77,2.83,286.12,5.55,7.23,3.78,3.45,285.19,2.33,4.13,1.28
2022,2,13,96.02,1.8,2.73,1.13,1.6,184.69,3.14,5.02,1.31,3.7,195.38,1.65,4.18,0.83
2022,2,14,96.44,3.23,4.54,1.38,3.16,308.81,4.88,6.2,2.4,3.81,307.0,3.28,4.5,1.66
2022,2,15,97.49,1.76,2.81,0.75,2.06,208.44,3.03,6.39,1.3,5.1,213.44,4.38,4.48,0.87
2022,2,16,97.33,4.14,6.1,2.32,3.78,189.69,6.89,9.27,4.04,5.23,191.38,3.81,4.41,2.03
2022,2,17,95.89,6.18,10.45,3.32,7.12,195.19,10.09,15.41,6.64,8.77,196.88,1.67,4.16,2.99
2022,2,18,95.5,5.72,8.58,1.5,7.07,290.31,8.61,13.4,2.69,10.71,289.94,3.93,4.79,2.88
2022,2,19,96.19,5.22,10.0,1.66,8.34,278.06,8.02,13.87,3.09,10.78,278.69,4.62,4.84,2.62
2022,2,20,96.91,2.94,4.76,0.7,4.05,212.44,4.82,7.92,1.45,6.47,215.75,4.93,4.9,1.47
2022,2,21,96.7,3.08,4.1,2.03,2.06,217.38,5.81,7.55,2.48,5.08,218.69,4.81,4.79,1.25
2022,2,22,96.26,5.23,7.4,2.65,4.75,202.81,8.69,11.54,5.01,6.52,204.38,0.75,4.17,2.51
2022,2,23,96.25,3.66,5.53,2.34,3.2,282.0,6.35,8.64,3.97,4.67,282.06,3.96,4.67,1.63
2022,2,24,96.81,2.41,3.32,1.48,1.84,86.19,3.32,4.34,2.28,2.05,87.75,0.91,4.36,1.3
2022,2,25,96.27,5.03,7.82,3.2,4.62,266.62,7.52,11.03,4.72,6.31,267.06,4.3,4.81,2.55
2022,2,26,96.95,1.85,2.66,1.28,1.38,315.19,3.27,5.02,2.18,2.84,313.12,3.94,5.05,0.83
2022,2,27,96.22,3.18,5.2,1.61,3.6,289.81,5.45,7.58,2.91,4.66,290.19,4.9,5.12,1.41
2022,2,28,96.36,1.94,3.41,0.38,3.03,230.44,3.6,7.19,0.97,6.22,260.44,5.08,5.07,0.82
2022,3,1,96.04,3.02,4.17,1.9,2.27,220.62,5.15,7.34,3.27,4.08,224.12,3.76,5.06,1.41
2022,3,2,95.87,2.88,4.26,1.55,2.7,282.56,5.27,7.2,1.95,5.25,282.12,4.55,5.03,1.21
2022,3,3,96.17,3.87,5.69,2.87,2.82,280.0,6.3,7.48,4.89,2.59,277.88,3.8,5.06,1.81
2022,3,4,97.14,1.78,2.89,1.13,1.76,134.81,2.9,5.62,1.89,3.73,142.44,5.22,5.25,0.87
2022,3,5,96.85,3.21,4.97,1.78,3.19,190.25,5.49,7.71,3.04,4.67,193.25,4.7,4.93,1.46
2022,3,6,96.29,4.2,6.66,2.3,4.36,221.19,7.26,9.45,5.02,4.42,223.12,2.41,4.77,1.86
2022,3,7,95.43,6.31,10.12,2.62,7.49,233.75,9.92,14.39,5.9,8.49,235.56,2.49,4.84,3.1
2022,3,8,96.15,2.95,5.33,0.56,4.77,249.0,4.94,8.41,0.36,8.05,247.62,5.18,5.7,1.44
2022,3,9,95.68,2.26,3.89,0.42,3.47,216.56,3.63,6.3,0.74,5.56,216.69,1.35,5.34,1.12
2022,3,10,96.17,2.05,3.34,1.33,2.0,184.75,3.09,4.44,1.68,2.76,186.38,3.87,5.53,1.02
2022,3,11,95.65,3.27,5.55,2.01,3.54,204.81,5.2,7.39,3.06,4.33,206.81,5.65,5.62,1.6
2022,3,12,94.83,6.87,9.12,1.55,7.57,308.56,10.0,12.82,2.91,9.92,308.31,1.48,5.72,3.45
2022,3,13,96.41,4.16,6.52,2.48,4.03,256.81,6.59,10.11,4.26,5.85,259.75,5.41,5.81,1.97
2022,3,14,96.99,2.79,4.15,1.53,2.62,227.12,4.98,7.07,2.12,4.95,229.88,5.56,5.68,1.16
2022,3,15,96.61,2.84,3.91,1.67,2.24,254.06,5.07,6.71,2.16,4.55,255.31,5.26,5.72,1.17
2022,3,16,96.31,2.55,4.28,0.59,3.7,205.75,4.34,6.45,0.81,5.63,207.62,5.06,5.7,1.2
2022,3,17,95.73,1.81,3.07,1.21,1.86,170.06,2.93,4.64,1.67,2.97,198.06,2.39,5.46,0.85
2022,3,18,95.77,3.31,4.92,0.83,4.09,213.75,5.71,8.57,0.99,7.58,214.75,4.33,5.76,1.48
2022,3,19,95.24,4.47,7.39,2.1,5.29,227.31,7.53,10.84,4.4,6.44,228.56,4.7,5.8,2.09
2022,3,20,95.84,5.26,7.66,3.37,4.29,301.06,8.77,10.74,7.25,3.48,301.38,3.82,6.03,2.41
2022,3,21,96.48,2.84,3.78,1.91,1.87,290.69,4.62,6.78,2.96,3.83,291.56,5.86,6.08,1.28
2022,3,22,96.3,2.7,4.16,1.92,2.23,147.62,4.24,5.9,3.0,2.9,149.88,4.79,5.78,1.33
2022,3,23,95.65,3.61,5.65,1.3,4.35,119.88,5.62,9.43,2.28,7.15,123.56,1.07,5.56,1.73
2022,3,24,95.16,2.55,5.38,0.82,4.57,243.5,4.4,9.09,1.56,7.52,244.56,3.02,6.01,1.18
2022,3,25,94.93,3.38,4.98,1.78,3.2,277.75,5.76,6.97,3.13,3.84,278.31,3.9,6.29,1.53
2022,3,26,94.72,5.18,7.73,2.95,4.77,277.69,8.47,10.77,6.38,4.4,278.75,5.07,6.53,2.37
2022,3,27,95.34,5.12,7.59,3.07,4.52,301.94,8.22,10.52,6.49,4.04,301.81,4.9,6.74,2.36
2022,3,28,95.88,4.99,8.47,2.26,6.21,312.44,7.93,11.98,4.25,7.73,311.69,6.45,6.96,2.3
2022,3,29,96.5,2.55,3.76,1.3,2.45,268.75,3.96,6.02,2.24,3.77,267.75,6.78,6.9,1.26
2022,3,30,95.93,3.91,6.31,1.02,5.29,173.44,6.1,10.29,1.81,8.48,177.88,4.84,6.17,1.87
2022,3,31,94.58,6.73,10.16,2.5,7.66,209.06,10.64,15.02,5.5,9.52,211.44,2.09,6.04,3.2
2022,4,1,95.32,4.95,7.42,2.72,4.7,289.81,8.12,10.38,5.8,4.57,289.75,4.61,6.79,2.25
2022,4,2,95.97,2.34,3.65,0.61,3.03,230.75,4.18,6.38,0.62,5.76,232.69,7.0,7.02,1.0
2022,4,3,95.51,4.09,6.6,2.02,4.58,295.56,6.62,9.06,4.16,4.9,295.56,5.28,6.93,1.83
2022,4,4,95.93,1.85,3.34,0.34,3.0,240.69,3.05,4.77,0.59,4.19,244.88,4.13,6.63,0.8
2022,4,5,95.46,2.34,4.07,0.41,3.66,167.94,3.94,5.97,0.88,5.09,171.0,1.75,6.12,1.02
2022,4,6,94.91,2.54,3.49,0.42,3.07,194.12,4.05,6.32,0.88,5.43,199.25,3.49,6.63,1.16
2022,4,7,94.71,2.72,4.21,0.66,3.55,280.88,4.41,6.49,1.32,5.16,278.88,1.55,6.51,1.23
2022,4,8,94.87,2.85,5.05,1.22,3.84,256.25,4.44,6.99,2.2,4.8,256.69,5.69,7.01,1.3
2022,4,9,95.01,3.1,4.44,1.52,2.92,281.75,4.98,6.98,3.25,3.73,281.88,4.07,6.97,1.41
2022,4,10,95.71,3.92,5.98,1.35,4.63,303.5,6.38,8.51,1.89,6.62,303.5,5.81,7.37,1.77
2022,4,11,96.06,2.6,5.07,0.54,4.53,200.31,4.27,7.38,0.77,6.61,203.56,6.35,6.91,1.23
2022,4,12,96.08,2.23,2.98,1.82,1.16,253.44,3.83,5.91,2.65,3.26,254.56,5.38,6.87,0.97
2022,4,13,95.8,3.31,6.17,1.88,4.29,221.12,5.96,9.09,2.63,6.45,222.75,5.34,6.8,1.44
2022,4,14,95.61,4.52,6.3,2.44,3.87,263.88,7.68,9.04,5.3,3.74,264.69,3.74,6.93,1.99
2022,4,15,96.31,3.36,5.37,1.48,3.88,240.62,5.88,8.85,2.08,6.77,244.12,7.42,7.67,1.45
2022,4,16,95.71,3.62,5.74,1.83,3.91,248.25,6.41,8.29,3.21,5.08,249.69,6.4,7.12,1.55
2022,4,17,96.29,3.04,4.24,1.95,2.3,230.31,4.96,6.24,3.37,2.88,227.5,7.62,7.74,1.31
2022,4,18,96.15,3.22,5.67,0.1,5.57,165.06,5.11,7.89,0.2,7.7,163.06,0.93,7.01,1.45
2022,4,19,95.85,4.57,7.04,2.37,4.67,285.81,7.67,10.16,5.16,5.0,287.62,5.2,7.7,2.0
2022,4,20,97.03,1.94,2.84,0.46,2.38,220.38,3.57,6.57,0.75,5.82,225.56,7.68,7.67,0.79
2022,4,21,97.07,3.33,6.11,2.05,4.05,208.69,5.59,8.35,4.4,3.95,211.5,2.91,6.94,1.45
2022,4,22,97.15,1.91,2.62,0.62,1.99,220.06,3.34,5.3,0.73,4.57,232.56,7.14,7.54,0.77
2022,4,23,96.68,2.6,3.3,1.73,1.57,185.0,4.65,6.61,3.05,3.55,190.12,6.69,6.99,1.17
2022,4,24,96.3,2.96,4.56,0.84,3.73,232.5,5.38,7.52,1.28,6.25,233.56,6.94,7.29,1.21
2022,4,25,96.17,2.32,3.94,0.94,3.01,183.19,3.84,5.68,1.09,4.6,200.25,6.8,7.28,1.04
2022,4,26,96.08,2.59,4.45,0.45,4.0,315.12,4.12,7.71,0.76,6.95,313.5,2.33,6.96,1.17
2022,4,27,96.16,4.55,6.62,2.67,3.95,313.56,7.74,9.29,5.99,3.3,312.94,7.92,8.08,1.97
2022,4,28,96.41,3.3,4.42,2.46,1.96,335.38,5.54,6.12,5.03,1.09,334.25,8.26,8.32,1.47
2022,4,29,96.41,1.8,2.55,1.27,1.28,131.88,2.98,5.6,1.7,3.91,171.06,7.93,8.0,0.8
2022,4,30,96.31,1.57,2.11,0.5,1.61,125.5,2.53,4.93,0.5,4.42,133.94,5.45,7.51,0.73
2022,5,1,95.99,2.12,3.4,1.3,2.1,171.88,3.62,4.88,2.68,2.21,175.88,3.43,6.85,0.98
2022,5,2,95.98,2.48,3.15,1.93,1.22,288.88,4.27,4.94,3.16,1.78,288.75,7.76,7.94,1.03
2022,5,3,96.04,2.27,3.4,1.41,1.99,178.44,3.7,5.08,1.73,3.35,181.44,6.14,7.25,1.08
2022,5,4,95.81,2.56,4.0,1.06,2.94,262.94,4.41,5.92,2.7,3.23,263.62,5.28,7.56,1.14
2022,5,5,96.12,1.93,2.96,0.74,2.22,153.5,3.18,4.77,0.47,4.3,156.75,4.6,7.76,0.84
2022,5,6,95.1,3.08,4.85,1.52,3.33,156.44,4.88,6.76,3.0,3.76,159.12,1.54,7.12,1.45
2022,5,7,94.93,4.81,5.47,3.66,1.8,78.5,6.84,7.81,5.05,2.77,65.94,2.47,7.96,2.35
2022,5,8,96.05,3.35,4.62,0.83,3.8,47.06,4.71,6.38,1.18,5.2,47.69,3.03,8.02,1.68
2022,5,9,96.58,2.81,4.09,1.23,2.87,87.38,4.14,5.44,1.79,3.66,72.94,8.47,8.5,1.41
2022,5,10,96.85,3.13,4.41,1.51,2.9,49.56,4.78,5.95,2.14,3.8,50.06,8.23,8.38,1.48
2022,5,11,96.72,2.96,4.63,1.27,3.37,41.38,4.46,6.34,1.76,4.57,41.56,6.93,8.08,1.47
2022,5,12,96.65,2.95,4.62,1.2,3.43,59.5,4.55,6.22,1.7,4.52,60.19,3.39,7.87,1.45
2022,5,13,96.42,2.41,3.34,1.6,1.74,92.25,4.29,5.28,3.4,1.88,94.25,3.79,7.76,1.07
2022,5,14,96.0,1.57,2.2,0.92,1.27,152.0,2.57,4.11,1.28,2.82,153.06,4.27,7.83,0.7
2022,5,15,95.62,1.31,1.95,0.5,1.45,259.5,2.14,3.91,0.64,3.27,262.06,6.13,7.78,0.6
2022,5,16,95.22,3.37,7.13,1.29,5.84,260.25,5.54,10.26,1.84,8.41,261.19,4.99,7.9,1.52
2022,5,17,95.69,3.5,5.61,2.14,3.47,286.25,6.18,8.36,3.78,4.58,287.44,7.73,8.31,1.49
2022,5,18,95.81,1.79,3.55,0.73,2.83,240.19,3.56,7.24,1.26,5.98,254.81,5.97,7.91,0.75
2022,5,19,95.24,2.84,4.22,1.02,3.21,259.31,4.7,7.6,1.41,6.2,259.44,7.07,8.05,1.32
2022,5,20,95.6,3.03,4.88,1.64,3.24,214.88,5.62,7.81,2.48,5.34,216.56,6.04,7.41,1.28
2022,5,21,96.17,2.7,3.4,1.75,1.65,241.75,4.88,6.93,3.53,3.41,242.31,7.35,7.93,1.09
2022,5,22,96.27,2.73,3.65,1.67,1.98,274.25,4.48,5.52,2.55,2.96,275.19,6.69,7.69,1.27
2022,5,23,96.62,2.05,3.24,1.31,1.92,148.38,3.16,4.29,1.52,2.77,148.19,3.06,7.33,0.98
2022,5,24,96.59,2.55,3.54,1.24,2.3,72.88,3.74,4.59,2.71,1.88,74.0,2.38,7.89,1.25
2022,5,25,96.81,2.46,3.82,1.27,2.54,103.38,3.76,5.19,2.63,2.55,104.88,3.36,6.88,1.12
2022,5,26,96.45,2.73,4.3,1.41,2.89,165.75,4.36,5.84,2.57,3.27,167.62,4.45,7.75,1.26
2022,5,27,95.49,2.75,3.92,1.84,2.09,191.75,4.79,6.39,3.1,3.29,194.38,3.71,7.82,1.24
2022,5,28,95.58,2.55,3.82,1.73,2.09,301.0,4.29,5.45,3.16,2.29,301.19,5.71,8.25,1.13
2022,5,29,96.15,1.79,2.4,0.88,1.52,237.44,3.32,5.45,1.24,4.21,240.19,7.31,8.19,0.74
2022,5,30,96.34,2.01,2.77,0.25,2.52,224.44,3.83,6.41,0.51,5.91,227.06,8.13,8.26,0.83
2022,5,31,96.2,1.84,3.1,0.6,2.5,295.75,3.3,5.16,0.88,4.28,295.19,7.26,8.11,0.74
2022,6,1,95.81,2.45,3.23,1.76,1.47,290.56,4.32,5.4,3.47,1.92,290.38,7.11,7.98,1.04
2022,6,2,95.31,2.52,3.94,1.39,2.55,277.94,4.38,5.75,2.86,2.89,278.31,5.6,7.85,1.12
2022,6,3,95.56,2.63,3.69,1.7,1.98,330.19,4.41,5.37,3.34,2.03,329.81,6.27,8.51,1.2
2022,6,4,95.76,2.02,2.41,1.37,1.05,252.94,3.58,5.75,1.91,3.84,252.25,8.37,8.72,0.86
2022,6,5,95.88,2.23,2.68,1.77,0.91,77.0,3.71,5.0,2.42,2.57,78.44,8.44,8.48,1.01
2022,6,6,96.01,2.85,4.28,1.43,2.85,179.94,4.71,6.52,2.55,3.96,181.75,7.76,8.31,1.31
2022,6,7,95.81,3.44,5.8,1.86,3.94,189.25,5.76,8.39,3.82,4.58,191.31,2.39,7.84,1.58
2022,6,8,95.55,2.12,3.22,0.88,2.35,231.69,3.95,6.18,1.49,4.69,232.94,5.43,8.04,0.91
2022,6,9,95.34,3.48,5.38,1.61,3.76,290.38,5.64,7.3,3.59,3.71,290.44,6.98,8.38,1.62
2022,6,10,95.72,1.51,2.15,0.89,1.26,314.38,2.65,4.45,1.38,3.06,315.19,6.82,8.39,0.64
2022,6,11,95.74,1.47,2.51,0.48,2.03,199.44,2.51,3.8,0.78,3.02,202.69,4.0,7.52,0.68
2022,6,12,95.72,1.96,3.13,1.02,2.12,225.0,3.34,4.55,1.5,3.04,227.88,4.84,7.86,0.91
2022,6,13,95.85,1.92,2.73,0.94,1.8,289.5,3.31,5.04,1.5,3.54,289.0,6.84,7.82,0.87
2022,6,14,95.87,2.67,4.44,1.32,3.12,275.75,4.41,6.48,2.42,4.05,274.81,2.83,7.63,1.22
2022,6,15,96.22,1.23,2.08,0.24,1.84,183.62,2.15,4.55,0.31,4.23,213.56,6.3,7.75,0.56
2022,6,16,96.2,1.8,2.89,0.73,2.16,232.75,3.36,5.07,1.44,3.64,236.0,6.42,7.74,0.76
2022,6,17,95.56,3.79,6.26,2.06,4.19,290.0,6.63,9.47,3.97,5.5,291.5,6.61,8.22,1.66
2022,6,18,95.68,4.66,6.62,2.27,4.34,321.62,7.64,9.25,4.99,4.25,322.25,8.08,8.84,2.13
2022,6,19,96.33,3.74,5.4,1.98,3.42,328.12,6.25,7.57,4.73,2.84,329.44,8.7,8.99,1.72
2022,6,20,96.6,2.62,4.12,1.45,2.66,315.75,4.45,5.55,2.76,2.8,316.44,5.98,8.36,1.2
2022,6,21,96.41,1.73,2.65,0.34,2.3,287.69,3.23,4.72,1.02,3.7,292.56,6.53,8.29,0.72
2022,6,22,95.78,2.46,4.51,1.2,3.3,313.5,4.38,6.58,2.46,4.12,313.25,4.67,7.82,1.03
2022,6,23,95.65,2.28,3.64,0.82,2.82,81.94,3.58,4.98,1.55,3.43,79.31,5.51,8.1,1.15
2022,6,24,96.11,0.91,1.83,0.19,1.65,172.88,1.41,3.13,0.11,3.02,193.5,7.82,8.5,0.47
2022,6,25,96.35,2.05,2.62,1.46,1.16,187.12,3.27,5.69,2.02,3.67,190.31,7.67,8.23,0.98
2022,6,26,96.22,2.9,4.29,1.78,2.51,202.06,4.59,5.84,3.34,2.5,204.69,4.94,7.99,1.43
2022,6,27,96.08,2.68,3.7,1.62,2.07,297.0,4.41,5.96,2.84,3.12,297.31,4.49,8.07,1.24
2022,6,28,96.59,1.2,2.36,0.11,2.25,201.62,2.13,4.61,0.44,4.17,235.19,8.26,8.81,0.57
2022,6,29,96.67,1.84,2.77,0.62,2.15,267.56,2.73,3.85,0.91,2.94,270.0,7.92,8.44,0.95
2022,6,30,96.61,1.9,2.52,0.89,1.62,193.06,3.13,5.16,0.8,4.37,196.62,8.44,8.47,0.87
2022,7,1,96.2,2.5,3.68,1.62,2.06,218.62,4.52,6.39,2.51,3.89,221.38,5.59,8.11,1.12
2022,7,2,95.94,1.74,2.49,0.76,1.73,241.25,3.25,5.32,1.38,3.95,243.62,5.16,7.8,0.77
2022,7,3,96.24,1.95,2.76,1.23,1.54,279.12,3.08,4.23,2.12,2.12,263.44,6.17,8.23,0.95
2022,7,4,96.52,1.84,2.32,1.21,1.1,113.94,3.2,5.65,1.22,4.43,116.75,8.0,8.4,0.83
2022,7,5,96.06,2.58,3.84,1.65,2.19,232.56,4.52,5.41,3.93,1.48,234.56,3.9,7.82,1.18
2022,7,6,95.78,2.0,2.55,1.25,1.3,278.94,3.5,4.56,2.59,1.98,280.0,4.25,7.74,0.86
2022,7,7,95.84,1.17,1.81,0.69,1.12,242.81,1.95,3.45,0.94,2.52,253.25,4.4,7.65,0.58
2022,7,8,96.01,1.06,2.11,0.34,1.77,222.0,1.63,2.88,0.76,2.12,225.75,4.96,7.57,0.57
2022,7,9,96.02,2.84,5.42,1.27,4.16,40.19,4.12,7.25,2.05,5.2,41.81,1.53,7.37,1.43
2022,7,10,96.13,2.25,3.33,1.08,2.24,85.19,3.7,4.71,2.66,2.05,85.12,5.0,7.97,1.07
2022,7,11,95.85,1.73,2.52,0.67,1.84,189.75,2.88,5.93,0.54,5.39,189.94,8.01,8.06,0.8
2022,7,12,95.5,2.51,4.28,1.22,3.06,241.69,4.23,5.98,2.51,3.48,245.0,6.96,7.98,1.17
2022,7,13,95.81,1.81,2.75,0.97,1.79,288.38,3.32,5.04,1.8,3.23,287.88,7.15,8.08,0.8
2022,7,14,96.13,1.72,2.25,0.69,1.55,250.75,3.09,4.93,1.16,3.77,265.12,6.1,7.99,0.77
2022,7,15,96.38,1.27,2.1,0.21,1.89,186.06,2.39,4.3,0.09,4.21,189.75,7.64,8.02,0.6
2022,7,16,96.21,1.61,2.03,1.05,0.98,194.25,2.81,4.28,1.41,2.87,199.19,4.53,7.67,0.84
2022,7,17,96.02,1.39,1.91,0.4,1.51,201.0,2.75,4.23,0.98,3.24,205.38,4.19,7.48,0.59
2022,7,18,95.74,2.72,4.64,1.46,3.18,236.38,4.58,6.63,3.36,3.27,237.75,5.89,7.61,1.26
2022,7,19,95.7,1.33,1.82,0.65,1.17,280.5,2.38,3.71,1.14,2.57,284.06,4.9,7.78,0.59
2022,7,20,95.47,2.15,3.4,1.5,1.9,250.0,4.02,5.57,2.2,3.38,252.06,7.69,7.98,0.96
2022,7,21,95.32,2.66,3.92,1.66,2.26,260.25,4.61,5.68,3.2,2.48,261.19,5.91,7.79,1.2
2022,7,22,95.94,2.27,3.41,1.63,1.77,276.38,4.16,5.1,2.61,2.49,277.56,7.7,7.93,0.99
2022,7,23,96.27,1.63,3.03,0.12,2.91,255.44,3.06,4.56,0.42,4.13,260.31,7.69,7.95,0.7
2022,7,24,96.15,2.3,3.83,0.87,2.96,229.62,4.13,5.7,1.37,4.34,232.38,6.88,7.68,1.04
2022,7,25,95.91,2.66,4.45,1.25,3.2,231.69,4.33,6.45,2.66,3.78,234.0,3.78,7.3,1.27
2022,7,26,96.03,1.42,3.34,0.03,3.3,224.19,2.34,4.55,0.18,4.37,230.62,2.51,7.03,0.68
2022,7,27,95.84,1.79,2.94,0.66,2.27,253.19,3.02,5.02,0.97,4.05,253.88,4.3,7.24,0.83
2022,7,28,95.77,2.05,3.54,1.03,2.51,247.94,3.71,5.3,1.39,3.9,250.75,4.37,7.48,0.88
2022,7,29,95.88,1.37,2.48,0.2,2.27,253.62,2.65,4.25,0.18,4.07,268.44,3.28,7.26,0.56
2022,7,30,96.42,1.65,2.71,0.93,1.78,322.25,2.88,4.2,1.52,2.68,321.12,7.02,8.04,0.72
2022,7,31,96.43,1.61,2.55,0.67,1.88,166.56,2.85,3.83,1.09,2.73,168.56,1.64,7.1,0.73
2022,8,1,95.91,1.67,3.35,0.53,2.82,256.62,3.12,4.91,1.23,3.69,273.19,5.75,7.35,0.7
2022,8,2,95.79,2.18,3.13,1.16,1.98,292.19,3.96,5.08,2.41,2.67,292.56,6.27,7.6,0.96
2022,8,3,96.09,1.45,2.39,0.22,2.17,245.81,2.74,4.23,0.52,3.7,252.94,7.52,7.67,0.62
2022,8,4,96.29,1.87,3.08,1.2,1.88,230.81,3.2,4.17,2.25,1.92,231.62,5.92,7.43,0.83
2022,8,5,96.55,1.12,1.82,0.22,1.6,207.62,2.03,3.41,0.15,3.26,220.44,4.64,7.18,0.52
2022,8,6,96.7,1.93,2.92,0.98,1.95,201.0,3.41,4.05,2.35,1.7,203.12,5.36,7.16,0.91
2022,8,7,96.61,1.85,2.59,1.27,1.32,207.06,3.32,4.71,2.16,2.55,209.69,6.68,7.3,0.88
2022,8,8,96.2,1.8,2.63,0.8,1.84,240.12,3.29,4.17,1.17,3.01,243.19,6.44,7.32,0.79
2022,8,9,96.07,2.1,2.9,1.49,1.4,255.94,3.62,4.4,2.88,1.52,258.0,6.56,7.37,0.93
2022,8,10,96.19,1.52,2.53,0.48,2.05,260.94,2.65,3.34,0.56,2.79,262.44,4.59,7.06,0.71
2022,8,11,95.99,2.3,3.96,1.12,2.84,309.38,3.95,5.42,2.72,2.7,309.44,6.34,7.4,1.06
2022,8,12,96.18,2.52,3.43,1.84,1.59,151.12,4.27,5.58,3.1,2.48,136.31,7.41,7.68,1.16
2022,8,13,96.37,1.64,2.6,0.98,1.62,150.44,2.8,5.89,0.84,5.05,150.56,7.45,7.73,0.77
2022,8,14,96.07,1.78,2.73,0.86,1.87,173.44,2.75,3.66,1.48,2.17,176.94,3.25,6.99,0.88
2022,8,15,95.86,2.04,3.53,1.0,2.52,125.88,3.14,4.55,1.79,2.76,126.56,1.56,6.92,1.03
2022,8,16,95.98,2.03,2.88,1.19,1.7,64.38,3.4,3.77,2.33,1.45,65.0,4.11,7.05,0.95
2022,8,17,96.04,1.3,2.34,0.24,2.1,134.19,1.84,3.45,0.32,3.13,103.19,5.75,7.17,0.69
2022,8,18,95.96,1.24,2.01,0.54,1.47,287.62,2.0,3.87,0.77,3.11,285.19,6.63,7.19,0.59
2022,8,19,96.24,1.82,3.07,0.6,2.47,225.62,2.87,4.1,0.84,3.27,226.0,4.61,7.06,0.88
2022,8,20,96.42,1.86,2.95,0.38,2.58,173.81,2.96,5.3,0.67,4.63,174.94,6.05,7.07,0.93
2022,8,21,96.17,1.85,3.02,0.99,2.02,174.94,3.19,4.03,1.98,2.05,177.44,2.31,6.61,0.88
2022,8,22,95.66,1.98,2.62,1.18,1.44,254.94,3.51,5.02,2.38,2.63,257.12,5.14,6.81,0.88
2022,8,23,95.78,2.28,3.12,1.8,1.3,314.62,4.05,4.95,3.3,1.65,314.62,6.46,7.01,1.01
2022,8,24,96.13,1.02,2.2,0.13,2.07,233.0,1.99,4.95,0.21,4.73,242.69,6.41,6.85,0.45
2022,8,25,96.21,1.9,3.4,0.79,2.61,191.19,3.16,5.49,0.94,4.55,193.06,5.2,6.6,0.95
2022,8,26,96.0,1.88,2.38,1.41,0.98,275.5,3.42,4.64,2.14,2.5,276.31,5.92,6.65,0.8
2022,8,27,96.09,1.54,2.43,0.49,1.94,154.38,2.65,4.49,0.37,4.12,167.0,6.22,6.65,0.7
2022,8,28,96.28,1.62,2.34,0.77,1.57,115.12,2.62,4.68,1.09,3.59,116.81,6.42,6.74,0.77
2022,8,29,96.28,2.03,3.24,1.23,2.01,184.69,3.47,4.86,1.98,2.88,187.44,6.44,6.68,0.93
2022,8,30,95.75,2.4,4.23,1.45,2.79,250.12,4.06,5.82,2.21,3.61,251.31,4.75,6.49,1.09
2022,8,31,95.83,2.57,3.49,1.91,1.58,295.0,4.52,5.47,3.26,2.21,295.38,6.84,6.98,1.1
2022,9,1,96.13,1.73,2.4,1.15,1.25,314.0,3.26,4.77,1.69,3.08,314.62,6.93,6.94,0.71
2022,9,2,96.53,2.2,2.74,1.75,0.99,119.69,3.7,4.84,2.86,1.98,122.31,6.15,6.71,0.98
2022,9,3,96.64,1.62,2.54,0.78,1.76,162.88,2.99,4.89,1.17,3.71,166.19,5.03,6.45,0.73
2022,9,4,96.32,2.02,2.82,1.29,1.53,182.25,3.51,5.38,2.12,3.24,184.44,5.08,6.48,0.95
2022,9,5,96.15,2.12,3.91,1.16,2.75,174.12,3.69,5.31,2.22,3.09,175.44,2.62,6.37,1.01
2022,9,6,95.87,1.92,4.09,0.32,3.77,287.69,3.24,5.82,0.55,5.27,286.81,4.78,6.3,0.92
2022,9,7,95.83,1.66,2.52,0.97,1.55,143.56,2.71,3.27,1.43,1.84,156.56,3.78,6.31,0.78
2022,9,8,95.76,1.59,2.5,0.97,1.52,51.56,2.45,3.31,1.55,1.75,49.5,3.56,6.29,0.78
2022,9,9,96.14,2.1,2.95,1.24,1.7,98.38,3.32,4.59,1.51,3.09,84.5,5.99,6.46,0.95
2022,9,10,96.58,1.77,3.34,0.51,2.83,123.25,2.97,5.7,0.81,4.89,125.0,3.32,6.15,0.83
2022,9,11,96.09,2.25,3.38,1.43,1.95,182.81,4.05,5.96,2.41,3.55,185.88,3.28,6.06,1.05
2022,9,12,95.49,1.77,2.73,1.31,1.41,243.19,3.2,4.84,1.9,2.94,244.69,3.9,6.0,0.77
2022,9,13,95.54,2.24,3.3,1.63,1.66,288.31,4.02,5.88,2.83,3.05,289.25,5.9,6.29,0.95
2022,9,14,96.2,2.3,3.15,1.95,1.2,325.19,4.18,5.38,3.2,2.19,325.44,6.02,6.16,0.99
2022,9,15,96.57,2.16,2.98,1.54,1.45,143.12,3.66,5.27,2.33,2.94,247.06,5.61,5.87,0.95
2022,9,16,96.64,1.32,1.76,0.95,0.8,171.31,1.87,2.69,1.19,1.5,170.12,5.59,5.59,0.72
2022,9,17,96.64,1.66,2.63,0.31,2.32,221.19,2.7,4.91,0.52,4.4,221.81,5.51,5.65,0.77
2022,9,18,96.32,1.91,2.21,1.15,1.07,250.69,3.54,4.85,1.7,3.15,253.19,5.52,5.76,0.74
2022,9,19,95.96,2.17,3.05,1.67,1.38,257.25,4.01,4.87,2.32,2.55,259.25,4.02,5.72,0.89
2022,9,20,95.96,2.34,2.95,1.79,1.16,321.06,4.06,4.88,2.63,2.24,320.5,5.86,5.98,0.97
2022,9,21,95.84,1.98,2.44,0.15,2.29,259.19,3.59,5.78,0.14,5.63,263.69,5.61,5.75,0.79
2022,9,22,95.38,4.35,6.88,2.16,4.73,292.88,7.05,9.98,3.46,6.52,292.81,3.17,5.63,1.98
2022,9,23,96.16,3.6,5.05,1.63,3.41,332.19,6.03,7.31,3.84,3.48,332.5,6.18,6.14,1.62
2022,9,24,96.05,2.05,2.96,1.25,1.71,242.88,3.45,4.39,1.92,2.47,246.25,4.24,5.83,0.93
2022,9,25,95.24,3.23,6.19,1.77,4.41,244.81,5.73,9.19,3.36,5.83,247.19,3.36,5.54,1.38
2022,9,26,95.28,3.17,5.02,1.76,3.27,263.5,5.62,7.36,3.41,3.95,264.62,4.78,5.65,1.34
2022,9,27,95.79,2.63,4.27,1.84,2.43,276.81,4.7,6.05,3.09,2.96,277.31,4.03,5.69,1.13
2022,9,28,96.59,2.64,3.84,1.95,1.9,320.25,4.5,5.72,3.43,2.29,320.81,4.97,5.68,1.13
2022,9,29,96.96,3.2,4.84,1.89,2.95,95.62,5.35,6.8,4.63,2.17,81.69,4.91,5.68,1.44
2022,9,30,96.42,4.2,6.91,2.13,4.78,29.62,6.44,10.35,3.8,6.55,32.75,1.23,5.47,1.96
2022,10,1,95.33,4.3,7.83,1.11,6.73,73.5,6.45,11.59,2.24,9.34,77.19,1.0,5.15,2.02
2022,10,2,95.95,4.21,5.52,1.95,3.57,11.56,6.38,7.77,3.95,3.82,13.56,0.91,5.02,2.02
2022,10,3,96.53,3.94,5.78,1.88,3.91,71.56,5.98,7.86,3.84,4.02,42.69,4.09,5.34,1.9
2022,10,4,96.09,4.12,5.59,2.3,3.29,341.38,6.45,7.86,4.31,3.55,342.5,2.62,5.31,1.92
2022,10,5,95.93,3.68,5.2,2.25,2.95,332.0,6.21,7.16,4.91,2.26,332.88,4.3,5.19,1.63
2022,10,6,96.06,2.13,2.72,1.23,1.48,303.94,4.14,5.99,1.77,4.23,303.94,4.95,5.22,0.8
2022,10,7,96.12,2.74,3.71,1.89,1.82,290.31,4.96,6.37,2.36,4.0,290.62,4.66,5.06,1.15
2022,10,8,96.61,2.52,3.23,1.91,1.32,320.69,4.34,5.71,3.66,2.05,319.88,3.98,5.3,1.06
2022,10,9,96.59,2.06,2.4,1.15,1.25,284.81,3.55,4.59,2.06,2.53,286.19,5.37,5.31,0.84
2022,10,10,96.73,1.87,2.49,0.74,1.75,311.88,3.02,5.03,0.99,4.04,311.94,5.04,5.12,0.84
2022,10,11,96.91,2.12,2.79,0.66,2.12,225.25,3.38,5.04,0.98,4.05,226.25,5.08,5.06,0.97
2022,10,12,96.33,3.17,4.37,2.11,2.26,197.88,5.32,7.32,2.87,4.45,199.81,3.53,4.66,1.39
2022,10,13,95.27,3.53,6.02,1.43,4.59,237.88,5.95,8.53,2.82,5.71,238.88,2.43,4.38,1.6
2022,10,14,95.65,2.46,3.57,1.76,1.81,238.31,4.31,5.26,2.36,2.89,239.5,4.84,4.96,1.02
2022,10,15,95.85,3.25,5.48,2.23,3.26,239.06,5.75,8.08,3.84,4.24,240.25,4.79,4.78,1.32
2022,10,16,95.77,2.36,3.66,1.48,2.19,258.5,4.48,5.73,1.88,3.84,259.44,3.69,4.66,0.96
2022,10,17,94.95,3.41,5.23,1.87,3.38,260.31,5.75,7.75,3.59,4.16,260.44,2.71,4.41,1.49
2022,10,18,95.1,3.16,4.73,2.22,2.51,292.06,5.48,6.88,4.34,2.54,292.56,3.6,4.75,1.28
2022,10,19,95.56,3.21,5.12,2.06,3.05,260.56,5.59,7.28,3.95,3.34,262.44,2.68,4.61,1.28
2022,10,20,95.84,3.04,5.14,2.14,2.99,239.44,5.19,7.16,2.62,4.52,241.88,4.81,4.8,1.27
2022,10,21,96.22,2.16,2.69,0.46,2.23,230.38,3.47,5.04,0.62,4.42,232.56,4.69,4.63,0.93
2022,10,22,96.54,2.09,2.54,1.26,1.29,192.5,3.27,4.61,1.72,2.89,193.25,4.63,4.58,0.97
2022,10,23,96.6,1.94,2.88,0.67,2.21,143.44,3.12,4.59,0.88,3.7,128.56,3.19,4.43,0.93
2022,10,24,96.36,1.94,2.71,0.97,1.75,184.88,3.2,4.67,1.15,3.53,198.06,4.23,4.31,0.87
2022,10,25,95.99,2.12,3.17,1.4,1.77,190.44,3.5,5.44,2.12,3.31,191.38,3.93,4.36,0.92
2022,10,26,95.45,2.59,3.7,1.79,1.91,237.44,4.8,7.09,2.65,4.45,238.94,2.26,4.02,1.0
2022,10,27,96.51,3.26,4.48,2.31,2.17,153.31,5.64,7.45,3.98,3.46,138.81,4.4,4.41,1.37
2022,10,28,97.23,2.27,2.85,1.55,1.3,49.12,4.03,5.77,2.95,2.81,51.69,2.58,4.09,0.98
2022,10,29,97.14,1.97,2.38,1.55,0.84,72.81,3.06,3.88,2.53,1.34,73.81,3.92,4.17,0.91
2022,10,30,96.51,1.77,2.47,0.9,1.57,184.06,2.91,4.42,1.3,3.12,185.31,3.31,4.05,0.77
2022,10,31,95.97,2.52,4.33,1.59,2.73,208.12,4.51,5.93,2.85,3.08,209.44,1.16,3.72,1.02
2022,11,1,96.28,2.49,3.3,1.84,1.48,299.5,4.55,6.01,3.2,2.8,299.75,3.04,3.86,0.97
2022,11,2,96.92,1.55,2.73,0.25,2.48,158.94,2.52,4.7,0.32,4.38,159.5,2.2,3.82,0.65
2022,11,3,96.98,1.55,2.34,0.69,1.66,104.69,2.27,3.77,0.95,2.81,105.38,3.78,3.75,0.76
2022,11,4,96.83,2.41,3.71,1.4,2.31,194.38,4.35,6.53,1.97,4.56,194.19,3.36,3.8,1.04
2022,11,5,96.36,4.07,5.97,2.8,3.16,175.38,7.22,8.58,6.01,2.57,176.81,1.93,3.6,1.7
2022,11,6,96.39,3.62,4.98,2.02,2.96,186.19,6.16,8.07,4.76,3.31,188.31,1.45,3.48,1.64
2022,11,7,96.86,2.53,3.03,1.95,1.09,313.56,4.97,6.69,3.8,2.88,313.75,3.72,3.69,0.96
2022,11,8,97.54,3.3,4.75,2.26,2.49,91.75,5.77,7.3,4.67,2.64,77.88,3.8,3.84,1.38
2022,11,9,97.58,2.23,2.51,1.79,0.72,90.38,3.83,5.69,2.72,2.98,92.56,3.72,3.76,0.89
2022,11,10,96.86,1.98,4.14,0.56,3.58,164.75,3.25,5.58,0.9,4.69,165.75,2.75,3.65,0.88
2022,11,11,95.27,3.48,6.34,1.43,4.91,142.06,6.1,10.07,3.34,6.73,144.44,0.66,3.16,1.54
2022,11,12,95.09,3.13,4.76,0.91,3.86,268.94,5.51,8.67,1.23,7.45,269.75,2.81,3.34,1.34
2022,11,13,96.07,3.82,5.27,1.84,3.44,316.31,6.27,7.44,3.85,3.59,316.44,2.28,3.62,1.68
2022,11,14,96.84,1.74,2.43,0.4,2.03,188.5,2.99,4.27,0.27,4.0,189.69,3.61,3.65,0.69
2022,11,15,96.63,1.49,2.93,0.95,1.98,107.75,2.3,3.88,1.29,2.59,110.06,0.67,3.22,0.69
2022,11,16,95.93,2.49,3.3,1.89,1.4,290.19,4.67,5.27,3.23,2.05,290.19,2.31,3.39,0.91
2022,11,17,96.14,3.3,4.3,2.3,2.01,284.31,5.99,8.38,4.36,4.02,285.12,2.92,3.48,1.3
2022,11,18,96.34,2.9,4.77,1.95,2.82,261.31,5.17,7.33,3.35,3.98,263.06,3.1,3.4,1.15
2022,11,19,96.32,2.68,3.91,1.52,2.4,245.75,4.93,7.4,2.84,4.55,247.31,3.41,3.45,1.07
2022,11,20,96.59,3.87,5.95,0.55,5.38,302.31,6.5,10.07,0.8,9.27,301.75,3.61,3.55,1.66
2022,11,21,97.0,2.62,3.79,0.64,3.15,214.69,4.73,6.41,0.96,5.45,216.88,3.49,3.43,1.09
2022,11,22,96.84,2.48,2.98,0.84,2.14,257.5,4.49,6.02,1.14,4.88,258.25,3.46,3.41,0.91
2022,11,23,96.69,1.85,3.12,0.56,2.55,239.88,3.39,6.73,0.7,6.02,239.94,3.36,3.3,0.78
2022,11,24,96.73,1.96,3.32,0.42,2.9,161.69,3.35,5.95,0.54,5.41,161.94,3.15,3.23,0.84
2022,11,25,95.96,3.52,6.01,2.18,3.83,288.0,6.52,8.55,3.48,5.06,288.44,2.19,2.97,1.33
2022,11,26,96.18,2.43,2.91,1.55,1.38,247.0,4.33,5.88,1.95,3.93,248.19,3.25,3.24,0.88
2022,11,27,94.85,3.31,5.39,2.39,3.0,222.0,6.16,7.97,4.23,3.73,223.38,0.88,2.74,1.21
2022,11,28,95.41,3.16,4.73,1.77,2.97,301.44,5.6,7.73,2.7,5.03,301.31,2.09,2.95,1.24
2022,11,29,96.38,2.29,3.65,0.97,2.68,212.62,3.71,5.54,1.34,4.21,213.12,2.33,2.96,0.98
2022,11,30,95.67,4.54,8.1,2.35,5.75,232.69,7.95,11.47,4.41,7.06,233.75,1.29,2.81,1.88
2022,12,1,96.98,2.74,4.26,0.22,4.04,297.56,4.82,8.96,0.27,8.7,297.5,3.24,3.22,1.15
2022,12,2,97.14,2.51,3.67,1.44,2.23,176.56,4.35,6.05,2.17,3.89,179.81,2.78,3.0,1.02
2022,12,3,96.38,4.06,6.21,2.2,4.01,252.38,7.31,9.34,4.42,4.91,254.12,1.42,2.71,1.59
2022,12,4,96.49,1.48,2.81,0.3,2.52,248.25,2.62,5.53,0.65,4.88,250.62,2.56,3.09,0.59
2022,12,5,96.37,2.57,3.98,1.46,2.52,191.0,4.33,6.04,2.04,4.01,192.0,2.68,2.95,1.08
2022,12,6,96.39,2.64,4.17,1.83,2.35,199.25,4.64,5.91,3.38,2.53,200.25,0.79,2.45,1.01
2022,12,7,96.36,2.21,2.83,1.49,1.34,249.75,4.05,5.62,2.6,3.02,251.12,0.83,2.23,0.88
2022,12,8,96.64,1.82,2.44,0.89,1.55,163.56,3.72,5.66,1.4,4.27,164.19,1.14,2.69,0.67
2022,12,9,96.6,1.62,2.02,1.19,0.83,67.38,2.79,3.77,1.6,2.16,68.06,2.08,2.78,0.7
2022,12,10,96.66,1.45,1.91,1.09,0.84,123.44,2.22,3.01,1.49,1.52,126.06,0.99,2.65,0.63
2022,12,11,96.28,1.85,2.43,0.98,1.45,252.75,3.5,5.51,1.97,3.54,254.25,1.89,2.63,0.75
2022,12,12,96.43,2.66,4.09,1.94,2.15,271.75,4.77,5.66,3.98,1.68,271.56,1.1,2.89,1.05
2022,12,13,96.64,1.45,2.15,0.06,2.09,89.56,2.28,4.02,0.2,3.83,110.25,2.38,2.91,0.69
2022,12,14,96.28,1.44,2.08,1.07,1.02,132.62,2.26,3.33,1.34,1.99,133.81,1.26,2.69,0.65
2022,12,15,95.49,2.72,3.57,1.49,2.07,158.5,4.1,5.89,1.88,4.01,160.94,0.46,2.56,1.28
2022,12,16,95.08,2.75,3.06,2.24,0.82,278.5,5.18,6.0,4.22,1.78,279.06,1.56,2.79,0.95
2022,12,17,95.26,2.68,3.53,1.94,1.59,265.69,4.89,6.7,3.47,3.23,266.62,2.01,2.84,1.07
2022,12,18,95.91,3.12,4.66,2.06,2.6,293.06,5.37,6.73,3.42,3.31,292.81,1.64,2.86,1.32
2022,12,19,96.81,2.55,3.44,1.92,1.51,307.75,4.55,5.34,3.37,1.97,307.88,2.61,2.91,1.03
2022,12,20,97.15,1.23,1.85,0.01,1.84,232.31,1.87,2.94,0.16,2.78,240.81,2.74,2.84,0.65
2022,12,21,97.1,1.25,2.2,0.23,1.96,111.62,2.11,4.02,0.27,3.74,113.0,2.87,2.86,0.54
2022,12,22,95.82,2.1,4.14,1.09,3.05,110.81,3.73,5.73,1.88,3.85,113.06,0.65,2.62,0.88
2022,12,23,94.26,6.4,8.98,2.96,6.02,259.56,10.15,12.65,6.38,6.27,260.56,2.65,2.95,2.9
2022,12,24,95.35,4.21,4.95,3.16,1.79,266.25,6.85,8.84,5.55,3.28,268.25,2.69,2.92,1.7
2022,12,25,95.7,3.59,4.53,2.26,2.27,279.12,5.88,6.8,3.96,2.84,279.69,3.01,2.97,1.46
2022,12,26,96.4,1.84,2.41,1.21,1.2,234.69,2.88,3.57,1.47,2.1,237.19,2.14,2.9,0.91
2022,12,27,96.6,1.88,2.45,0.81,1.64,232.69,3.07,4.3,1.19,3.12,233.94,2.81,2.85,0.87
2022,12,28,96.68,2.58,3.23,1.86,1.37,221.06,4.7,6.66,2.67,3.98,222.19,2.77,2.86,0.98
2022,12,29,96.75,2.69,3.41,1.32,2.09,229.25,4.88,6.79,1.69,5.11,230.5,2.84,2.89,0.96
2022,12,30,96.61,2.86,3.47,1.98,1.48,221.44,5.58,7.15,2.59,4.55,221.81,2.81,2.81,0.98
2022,12,31,95.8,2.7,3.24,1.98,1.26,222.06,5.6,6.81,4.23,2.58,222.62,0.72,2.54,0.9
2023,1,1,95.91,2.45,3.1,1.38,1.72,269.0,4.27,5.96,2.55,3.41,270.38,2.76,2.83,0.9
2023,1,2,96.27,2.49,2.95,1.82,1.13,244.5,4.6,6.05,2.27,3.79,245.88,1.76,2.63,0.94
2023,1,3,95.75,3.27,4.43,2.46,1.96,219.94,6.27,7.78,4.92,2.86,221.75,1.36,2.18,1.26
2023,1,4,95.37,2.51,3.96,1.94,2.02,218.44,4.72,5.54,3.21,2.32,220.12,0.88,2.42,0.97
2023,1,5,95.68,2.38,3.98,1.52,2.45,263.12,4.16,6.03,1.87,4.16,263.56,2.75,2.93,1.03
2023,1,6,96.1,2.89,4.49,1.98,2.52,294.5,5.08,6.2,3.16,3.03,293.88,1.42,2.92,1.22
2023,1,7,96.58,2.32,2.95,1.79,1.16,305.25,4.11,6.41,3.16,3.24,305.19,2.92,2.97,0.95
2023,1,8,96.55,2.04,3.73,0.57,3.16,214.44,3.25,4.78,0.79,3.98,216.31,0.9,2.77,0.95
2023,1,9,95.95,3.2,4.82,2.09,2.74,297.62,5.52,6.77,4.02,2.74,297.62,3.16,3.12,1.35
2023,1,10,96.0,1.95,2.78,0.88,1.89,225.12,3.26,5.61,1.13,4.48,225.81,1.9,2.94,0.85
2023,1,11,96.16,1.93,3.22,0.57,2.64,179.31,3.23,4.83,0.79,4.04,180.31,1.27,2.74,0.88
2023,1,12,95.45,2.67,3.74,1.66,2.09,193.69,5.43,7.76,3.05,4.7,195.5,1.03,2.52,1.07
2023,1,13,94.96,4.69,6.35,2.68,3.67,308.06,7.66,8.8,5.42,3.38,308.69,2.69,3.05,2.2
2023,1,14,95.6,5.97,7.11,4.82,2.29,332.25,8.87,9.62,8.01,1.62,332.56,2.21,3.17,2.98
2023,1,15,96.19,4.46,5.88,2.71,3.17,332.94,6.83,8.46,5.77,2.69,333.56,3.38,3.35,2.2
2023,1,16,95.89,2.38,3.04,1.12,1.92,290.31,4.34,6.14,1.57,4.57,290.62,3.13,3.23,1.04
2023,1,17,95.02,2.72,3.21,2.22,1.0,241.75,5.2,6.27,3.79,2.48,243.06,1.62,2.83,0.99
2023,1,18,95.6,2.71,3.69,1.38,2.3,225.62,4.7,7.19,2.43,4.76,225.69,3.19,3.23,1.16
2023,1,19,95.22,3.12,4.92,1.59,3.33,184.12,5.84,9.62,3.19,6.43,186.81,0.89,2.73,1.33
2023,1,20,95.48,5.05,7.25,2.86,4.39,293.12,8.9,10.8,6.09,4.72,293.31,2.42,3.33,2.28
2023,1,21,96.34,2.09,3.54,0.36,3.18,253.0,3.81,5.95,0.61,5.34,252.56,1.88,3.35,0.89
2023,1,22,95.62,2.24,4.37,0.79,3.58,188.88,3.52,5.52,1.53,3.99,189.75,0.82,2.96,1.05
2023,1,23,95.37,4.29,7.05,1.21,5.84,297.88,7.29,9.91,2.19,7.71,297.88,2.09,3.32,1.93
2023,1,24,96.46,2.15,2.95,0.72,2.23,241.0,3.66,6.23,0.97,5.26,242.0,3.26,3.57,0.92
2023,1,25,95.47,2.8,3.83,1.58,2.26,160.12,5.02,8.1,3.19,4.91,161.88,0.5,3.04,1.22
2023,1,26,95.21,3.8,5.5,2.92,2.58,272.69,6.89,8.59,5.66,2.93,273.69,1.85,3.52,1.55
2023,1,27,96.17,2.98,3.97,2.25,1.72,251.25,5.38,6.53,4.61,1.92,252.31,2.69,3.71,1.25
2023,1,28,96.62,2.83,3.39,1.8,1.59,225.75,5.0,6.18,3.59,2.6,227.56,2.85,3.61,1.18
2023,1,29,96.43,2.59,3.45,2.12,1.34,222.44,4.87,6.09,3.8,2.3,223.88,0.96,3.37,0.99
2023,1,30,96.28,1.97,2.73,0.68,2.05,261.75,3.41,5.47,0.91,4.55,262.56,3.03,3.44,0.85
2023,1,31,96.33,1.8,2.74,0.9,1.84,112.88,2.92,5.33,1.25,4.08,184.5,0.84,3.29,0.86
2023,2,1,96.5,1.9,3.3,0.75,2.54,267.25,2.79,4.28,1.12,3.16,264.19,2.78,3.73,1.01
2023,2,2,96.12,1.62,2.65,0.62,2.03,231.31,2.8,5.53,0.96,4.57,234.19,2.19,3.8,0.74
2023,2,3,96.29,5.89,8.12,2.24,5.88,315.5,8.73,11.09,4.16,6.95,314.44,3.9,4.11,3.01
2023,2,4,97.22,3.17,4.87,0.47,4.4,230.19,4.7,7.16,0.7,6.45,232.88,3.88,3.95,1.68
2023,2,5,96.26,2.83,3.47,2.38,1.09,221.88,5.26,6.97,3.55,3.42,224.38,3.28,3.87,1.21
2023,2,6,96.19,3.57,6.41,1.45,4.95,327.19,6.01,8.71,2.19,6.52,327.31,3.21,3.95,1.59
2023,2,7,96.59,2.55,4.41,0.34,4.06,197.12,4.49,6.45,0.34,6.11,200.88,2.77,3.93,1.12
2023,2,8,96.59,2.42,3.15,0.68,2.47,242.38,4.34,6.72,1.08,5.64,242.5,3.52,3.95,1.0
2023,2,9,95.97,4.52,7.22,2.43,4.79,190.25,8.05,11.14,4.55,6.59,192.56,2.1,3.69,2.12
2023,2,10,96.05,4.07,5.46,2.88,2.59,295.62,7.29,9.9,5.11,4.79,295.12,3.87,4.21,1.85
2023,2,11,96.69,2.49,4.7,1.22,3.48,215.25,4.16,8.26,1.38,6.87,213.31,3.82,4.45,1.19
2023,2,12,95.66,3.63,5.47,1.33,4.14,157.69,5.36,7.77,2.48,5.28,158.75,0.59,4.05,1.86
2023,2,13,95.12,3.67,4.42,2.62,1.8,292.88,7.08,9.41,4.62,4.79,294.06,2.83,4.41,1.45
2023,2,14,96.04,2.55,3.74,1.09,2.66,224.88,4.54,7.55,1.32,6.23,225.81,4.26,4.4,1.1
2023,2,15,95.95,3.76,5.79,2.58,3.2,213.81,6.64,8.13,5.15,2.98,216.0,3.48,4.3,1.68
2023,2,16,95.8,3.1,5.09,2.04,3.06,226.0,5.66,8.6,3.65,4.95,227.31,0.73,3.72,1.3
2023,2,17,95.33,5.73,8.2,2.42,5.78,272.25,8.88,11.0,5.04,5.96,272.12,2.08,4.22,2.88
2023,2,18,96.87,2.61,5.31,1.59,3.72,267.06,4.23,8.57,2.26,6.31,268.75,4.84,4.78,1.27
2023,2,19,96.32,3.52,6.34,1.79,4.55,208.69,5.88,8.8,3.12,5.67,211.38,4.38,4.63,1.65
2023,2,20,95.15,2.77,4.27,2.2,2.07,238.75,5.08,6.22,3.45,2.77,241.38,2.34,4.2,1.14
2023,2,21,94.93,4.06,8.2,1.65,6.55,277.12,6.95,12.12,2.85,9.27,277.38,4.03,4.62,1.88
2023,2,22,95.66,2.31,4.1,0.59,3.52,175.69,3.89,6.32,0.8,5.52,178.06,2.48,4.19,1.05
2023,2,23,95.58,3.39,4.91,2.26,2.66,248.19,6.32,8.25,3.84,4.41,249.75,4.18,4.61,1.43
2023,2,24,96.82,4.59,7.03,1.91,5.12,280.81,7.74,10.62,4.32,6.3,280.06,4.34,5.03,2.19
2023,2,25,96.66,2.05,3.55,0.71,2.84,176.38,3.3,4.93,1.23,3.7,181.38,1.56,4.59,1.04
2023,2,26,95.73,2.95,4.84,1.67,3.16,274.06,4.8,7.11,2.51,4.61,275.69,4.63,5.01,1.36
2023,2,27,95.07,3.54,6.39,0.95,5.45,201.56,5.34,8.51,1.29,7.22,204.38,1.71,4.41,1.8
2023,2,28,94.98,3.87,5.81,2.07,3.74,260.19,6.59,8.95,3.32,5.63,259.88,4.59,5.09,1.73
2023,3,1,95.79,3.36,5.77,1.38,4.39,170.31,5.34,7.45,2.33,5.12,172.25,4.55,4.94,1.63
2023,3,2,95.16,2.85,3.71,1.94,1.77,286.75,5.41,7.94,3.46,4.48,286.94,2.24,4.92,1.16
2023,3,3,95.1,3.79,6.75,1.81,4.93,117.44,5.83,9.62,3.14,6.48,119.69,0.69,4.48,1.83
2023,3,4,94.98,5.97,8.39,2.34,6.05,293.88,9.8,13.66,4.88,8.79,294.69,5.15,5.41,2.84
2023,3,5,96.38,2.97,4.36,2.09,2.27,297.75,4.97,6.09,3.07,3.02,297.69,5.27,5.3,1.28
2023,3,6,96.09,2.46,3.9,0.72,3.19,135.81,4.08,6.66,0.92,5.74,139.88,5.0,5.28,1.12
2023,3,7,95.76,5.58,7.73,3.2,4.53,324.38,8.9,10.64,6.36,4.29,323.94,4.17,5.51,2.67
2023,3,8,96.62,4.74,6.19,2.77,3.42,336.0,7.48,9.18,5.95,3.23,336.69,5.65,5.69,2.31
2023,3,9,96.49,2.41,2.93,1.85,1.08,183.62,3.99,5.81,2.48,3.33,211.94,5.49,5.61,1.11
2023,3,10,95.42,3.21,4.87,1.68,3.18,195.69,5.6,9.48,3.57,5.91,197.56,1.43,5.2,1.42
2023,3,11,95.43,4.57,7.05,2.05,5.0,328.75,7.44,9.78,4.37,5.41,329.12,3.54,5.75,2.19
2023,3,12,95.61,2.32,3.84,0.92,2.91,170.81,3.36,4.94,1.47,3.47,173.31,1.09,5.43,1.17
2023,3,13,95.36,2.7,5.03,0.69,4.34,277.75,4.41,8.5,1.07,7.43,277.69,2.75,5.47,1.3
2023,3,14,95.65,6.66,8.32,4.2,4.12,304.31,10.12,11.32,7.99,3.33,305.06,4.53,5.99,3.3
2023,3,15,96.2,5.77,7.58,2.89,4.69,314.88,8.88,10.75,5.75,5.0,315.44,6.27,6.22,2.8
2023,3,16,96.04,2.88,3.64,1.77,1.87,232.88,5.31,7.6,2.15,5.45,235.0,5.98,6.08,1.25
2023,3,17,94.97,4.0,6.23,2.14,4.09,235.38,6.67,8.7,4.22,4.48,237.25,2.29,5.47,1.84
2023,3,18,95.33,4.2,5.66,2.89,2.77,297.25,6.93,8.29,5.77,2.52,296.38,5.64,6.22,1.97
2023,3,19,96.26,4.27,5.32,2.38,2.95,307.75,6.55,8.47,4.85,3.62,307.56,6.47,6.47,2.06
2023,3,20,96.76,1.77,2.53,0.88,1.66,250.0,2.77,5.08,1.01,4.08,253.81,6.52,6.48,0.86
2023,3,21,97.0,2.45,3.04,0.34,2.7,222.0,4.47,7.11,0.44,6.67,222.88,5.94,6.36,1.02
2023,3,22,96.69,3.09,4.95,2.15,2.8,212.38,5.32,6.99,3.63,3.35,214.56,3.82,5.95,1.38
2023,3,23,95.77,4.11,6.75,1.91,4.84,235.88,7.02,10.37,3.83,6.54,238.75,4.31,5.77,1.84
2023,3,24,95.59,2.16,3.77,0.59,3.19,128.31,3.05,5.15,0.34,4.82,146.75,1.26,5.77,1.13
2023,3,25,95.13,3.84,5.7,2.49,3.2,193.5,6.38,9.7,3.4,6.3,195.88,2.83,6.11,1.73
2023,3,26,95.79,2.77,3.79,1.08,2.71,235.38,4.81,8.02,2.03,5.98,234.62,6.65,6.61,1.19
2023,3,27,95.66,2.36,3.75,0.92,2.83,193.06,4.3,7.16,1.15,6.02,195.62,3.79,6.07,1.02
2023,3,28,96.13,2.03,4.09,0.03,4.07,227.5,3.49,5.61,0.28,5.33,234.31,4.34,6.22,0.9
2023,3,29,96.3,2.32,3.31,0.86,2.45,278.44,4.35,7.11,1.39,5.72,264.56,6.3,6.58,0.96
2023,3,30,96.71,2.07,2.93,1.12,1.8,212.5,3.66,6.23,1.88,4.35,224.06,6.7,6.71,0.89
2023,3,31,96.21,3.84,6.28,1.79,4.49,200.19,6.05,9.41,3.07,6.33,203.0,1.86,6.08,1.82
2023,4,1,94.75,6.43,8.84,3.35,5.49,247.75,10.3,13.83,5.24,8.59,249.38,4.8,6.41,3.01
2023,4,2,95.86,3.05,5.86,1.22,4.64,256.0,4.88,10.22,1.88,8.35,253.69,5.88,6.97,1.43
2023,4,3,95.96,3.46,5.44,1.71,3.73,193.94,5.68,7.68,3.15,4.54,196.25,5.72,6.75,1.58
2023,4,4,95.91,2.52,3.09,1.74,1.34,213.06,4.7,6.47,2.27,4.2,217.0,6.67,6.72,1.05
2023,4,5,96.18,3.32,5.02,2.0,3.02,210.25,5.92,8.06,2.65,5.41,211.81,5.43,6.34,1.45
2023,4,6,96.44,2.7,4.99,1.64,3.35,263.88,4.47,7.41,2.63,4.77,264.62,3.58,5.81,1.18
2023,4,7,97.1,2.38,4.33,0.71,3.62,249.12,3.84,5.84,1.1,4.73,221.0,1.41,6.7,1.11
2023,4,8,97.23,2.46,3.91,1.4,2.52,69.5,4.16,5.84,2.2,3.64,69.88,4.13,7.08,1.1
2023,4,9,97.23,2.2,2.84,1.09,1.75,73.5,3.31,5.0,1.66,3.34,72.06,7.33,7.29,1.04
2023,4,10,97.21,2.12,2.62,1.37,1.25,194.0,3.52,5.63,1.42,4.21,194.75,7.38,7.35,0.86
2023,4,11,96.66,2.77,3.27,2.02,1.26,288.44,5.1,6.55,3.18,3.37,288.94,7.26,7.31,1.08
2023,4,12,96.1,2.91,4.26,2.12,2.13,287.69,5.15,6.47,3.95,2.52,288.81,6.99,7.17,1.17
2023,4,13,95.91,2.6,3.21,0.75,2.46,247.69,4.91,6.77,1.0,5.77,248.75,7.15,7.33,0.99
2023,4,14,95.68,2.69,4.83,1.35,3.48,207.81,4.77,6.7,1.66,5.04,208.69,4.99,6.96,1.1
2023,4,15,95.55,1.66,2.46,1.12,1.35,274.56,2.82,5.49,1.59,3.9,275.38,4.8,6.85,0.72
2023,4,16,95.26,3.16,5.34,0.84,4.51,224.5,5.25,8.27,1.1,7.16,224.81,4.6,6.83,1.38
2023,4,17,94.98,4.13,6.18,2.31,3.86,268.94,6.91,8.93,4.88,4.06,269.62,5.22,7.46,1.81
2023,4,18,95.38,4.4,7.02,2.34,4.69,275.19,7.67,10.18,4.46,5.72,275.81,7.39,7.67,1.84
2023,4,19,96.16,2.02,2.98,0.66,2.33,263.19,3.26,4.48,1.1,3.39,263.0,7.58,7.57,0.96
2023,4,20,96.28,2.7,4.2,1.22,2.98,243.69,4.91,6.99,1.64,5.35,244.38,7.22,7.41,1.12
2023,4,21,95.83,3.3,5.53,1.3,4.23,220.44,5.91,7.77,1.85,5.92,221.0,6.84,7.35,1.37
2023,4,22,95.29,3.55,6.14,1.89,4.25,234.75,5.7,8.71,3.65,5.06,235.62,2.61,7.04,1.55
2023,4,23,95.74,3.01,4.12,2.02,2.1,293.31,5.07,6.16,4.35,1.8,292.44,5.42,7.46,1.3
2023,4,24,96.15,2.41,2.95,1.9,1.04,312.0,4.2,5.86,2.94,2.92,311.19,6.79,7.76,1.02
2023,4,25,96.41,1.9,2.46,0.98,1.47,252.25,3.23,4.66,1.52,3.16,253.88,6.32,7.74,0.82
2023,4,26,96.27,2.1,3.1,1.09,2.01,210.94,3.24,4.13,2.1,2.03,214.06,5.17,7.36,1.01
2023,4,27,96.11,2.05,3.26,1.21,2.05,184.25,3.46,5.52,1.09,4.43,185.44,5.87,7.27,0.91
2023,4,28,95.46,4.18,6.01,1.63,4.38,82.12,6.15,9.16,2.38,6.77,84.88,1.84,7.54,2.0
2023,4,29,95.12,2.16,3.84,1.08,2.77,237.19,3.66,5.37,1.61,3.76,238.88,5.32,7.46,1.01
2023,4,30,94.0,2.98,5.48,0.34,5.14,233.12,5.01,9.05,0.52,8.53,233.19,2.43,7.33,1.34
2023,5,1,94.01,4.66,6.41,2.74,3.67,243.06,7.8,9.29,5.87,3.42,246.0,3.05,7.86,2.04
2023,5,2,94.21,4.04,5.91,2.09,3.82,268.5,7.16,9.02,4.9,4.12,269.69,3.08,7.94,1.71
2023,5,3,94.62,4.04,5.7,1.73,3.96,289.38,6.7,8.2,3.75,4.46,289.94,4.63,8.04,1.77
2023,5,4,95.7,3.06,4.22,1.64,2.58,321.62,5.31,7.81,3.59,4.22,321.62,4.7,7.89,1.31
2023,5,5,96.47,1.82,2.38,1.0,1.38,203.56,3.23,4.95,1.3,3.64,230.25,7.51,8.05,0.74
2023,5,6,96.64,1.28,2.22,0.44,1.77,128.69,1.98,4.29,0.66,3.63,136.38,7.46,7.92,0.62
2023,5,7,95.92,2.28,4.51,1.12,3.39,247.06,4.04,6.48,1.52,4.95,249.88,3.7,7.04,0.91
2023,5,8,95.56,2.61,3.92,1.59,2.34,234.44,4.46,5.85,3.23,2.62,234.94,6.96,7.73,1.11
2023,5,9,95.78,1.84,4.5,0.36,4.14,116.12,2.84,5.7,0.55,5.15,131.31,2.97,7.45,0.87
2023,5,10,96.41,1.4,2.41,0.43,1.97,150.56,2.13,4.72,0.14,4.59,149.69,7.11,7.24,0.64
2023,5,11,96.4,1.44,2.29,0.45,1.84,218.94,2.28,4.58,0.58,4.0,224.25,6.74,7.5,0.71
2023,5,12,96.28,1.55,2.24,0.34,1.91,180.88,2.65,4.56,0.26,4.3,240.06,6.39,7.64,0.64
2023,5,13,96.2,1.9,4.66,0.59,4.07,221.31,3.19,6.0,1.04,4.96,223.06,2.87,7.39,0.87
2023,5,14,96.57,1.89,2.55,1.19,1.37,122.19,3.27,5.14,1.48,3.66,105.5,7.47,8.0,0.83
2023,5,15,96.67,1.87,2.92,0.31,2.61,151.56,3.41,5.78,0.45,5.33,156.44,5.39,7.99,0.84
2023,5,16,95.4,2.02,3.73,0.8,2.93,256.19,3.45,5.73,1.46,4.27,256.56,3.84,7.64,0.91
2023,5,17,95.39,3.05,4.12,1.95,2.19,254.5,4.89,5.77,3.91,1.85,253.69,7.14,7.94,1.34
2023,5,18,96.54,2.62,3.73,1.95,1.78,126.5,4.32,5.09,3.29,1.8,128.75,6.13,7.63,1.18
2023,5,19,96.59,2.62,4.01,1.09,2.92,158.44,4.27,5.49,2.02,3.48,159.81,5.49,7.87,1.2
2023,5,20,95.97,2.2,3.11,1.27,1.84,244.0,3.61,4.94,2.49,2.45,246.75,6.13,7.91,1.0
2023,5,21,96.15,2.82,4.13,2.12,2.01,337.0,4.97,6.22,3.73,2.49,337.81,8.24,8.25,1.23
2023,5,22,96.44,2.38,2.77,1.93,0.84,174.12,4.18,5.8,2.43,3.37,174.69,6.53,7.16,1.02
2023,5,23,96.68,2.19,3.48,0.44,3.05,113.88,3.36,4.66,0.54,4.12,115.25,5.7,7.14,1.03
2023,5,24,96.14,1.61,2.56,0.81,1.75,137.44,2.51,4.86,1.4,3.47,150.31,7.06,7.29,0.8
2023,5,25,96.28,3.21,5.27,1.57,3.7,45.88,4.67,7.7,2.27,5.42,45.38,7.8,8.27,1.58
2023,5,26,96.68,2.38,3.13,1.33,1.8,67.06,3.55,4.52,1.86,2.66,66.94,8.38,8.63,1.14
2023,5,27,96.78,2.47,4.46,0.05,4.41,94.62,3.91,6.07,0.09,5.97,93.25,7.58,8.56,1.19
2023,5,28,96.27,2.38,3.21,1.76,1.45,55.5,4.01,4.77,3.01,1.76,56.31,4.61,8.09,1.1
2023,5,29,95.89,2.97,4.3,2.0,2.3,46.19,4.97,5.77,3.82,1.95,49.19,3.23,7.91,1.37
2023,5,30,96.31,2.65,3.77,1.57,2.2,75.31,4.21,4.98,2.99,1.98,75.88,6.22,8.15,1.25
2023,5,31,96.42,1.77,2.55,0.52,2.02,79.5,2.47,4.1,0.68,3.42,79.06,8.42,8.44,0.92
2023,6,1,96.25,1.8,2.52,0.27,2.25,158.31,2.54,3.55,0.36,3.2,158.31,8.4,8.42,0.98
2023,6,2,95.86,2.48,3.31,0.37,2.95,181.69,3.85,5.69,0.43,5.25,181.38,8.52,8.53,1.18
2023,6,3,95.67,2.88,3.57,2.19,1.38,94.31,4.88,6.32,3.52,2.8,94.94,6.71,7.58,1.35
2023,6,4,95.93,1.88,2.41,0.8,1.6,112.0,2.61,4.03,1.29,2.74,107.75,3.44,7.97,0.93
2023,6,5,95.76,1.99,2.38,1.5,0.88,254.44,3.41,5.2,2.07,3.12,267.0,7.17,7.77,0.87
2023,6,6,95.4,2.8,4.83,1.96,2.88,306.31,4.94,6.88,2.91,3.98,307.12,5.82,7.06,1.23
2023,6,7,95.0,1.5,2.17,0.98,1.19,265.25,3.0,5.42,1.7,3.72,264.38,6.37,7.11,0.59
2023,6,8,95.1,2.37,3.34,1.93,1.41,324.75,4.3,5.65,2.64,3.01,309.25,6.65,7.48,1.03
2023,6,9,95.39,2.85,4.55,1.94,2.61,309.62,4.52,6.44,2.95,3.48,309.5,5.11,7.9,1.3
2023,6,10,95.53,2.15,2.6,1.36,1.24,268.5,3.65,5.76,2.41,3.36,269.44,7.87,8.24,0.98
2023,6,11,95.43,2.94,4.49,0.93,3.57,214.0,4.77,6.44,1.43,5.01,215.56,6.49,7.89,1.36
2023,6,12,94.99,3.47,5.22,1.84,3.39,229.44,5.41,7.16,4.16,3.0,231.5,3.14,8.19,1.61
2023,6,13,95.22,2.73,3.59,1.97,1.62,253.88,4.69,5.73,3.27,2.46,255.19,7.38,8.22,1.2
2023,6,14,94.81,3.86,6.41,1.95,4.47,257.88,6.45,9.23,4.06,5.17,259.31,5.08,8.2,1.73
2023,6,15,95.13,1.8,2.16,0.99,1.17,251.31,3.06,4.78,1.55,3.24,250.88,6.97,7.66,0.8
2023,6,16,95.08,3.04,5.44,0.28,5.16,256.44,4.77,7.48,0.39,7.09,256.56,5.12,6.68,1.45
2023,6,17,95.5,3.43,4.57,2.16,2.42,318.62,5.65,6.3,4.91,1.39,319.5,7.0,7.67,1.59
2023,6,18,95.71,1.61,2.38,0.23,2.15,247.69,2.84,5.12,0.14,4.98,249.81,8.19,8.25,0.7
2023,6,19,95.87,2.41,4.42,0.62,3.8,156.44,3.8,6.23,0.95,5.27,157.88,5.24,7.47,1.18
2023,6,20,96.18,3.09,4.73,1.45,3.29,81.31,5.2,6.68,3.41,3.27,83.0,3.58,7.37,1.43
2023,6,21,96.28,4.35,5.85,2.31,3.54,39.88,6.58,8.45,4.4,4.05,43.12,1.81,7.53,2.08
2023,6,22,96.08,3.07,3.53,2.49,1.03,60.38,4.62,5.51,3.64,1.87,63.31,1.9,7.96,1.48
2023,6,23,95.7,1.78,2.67,0.81,1.86,176.44,3.11,4.66,1.48,3.18,180.25,4.26,8.06,0.8
2023,6,24,95.63,1.84,2.43,1.41,1.02,294.69,3.27,4.7,2.63,2.05,295.94,5.41,8.01,0.8
2023,6,25,95.54,2.15,3.12,0.94,2.18,254.25,3.91,5.32,1.43,3.89,256.31,6.78,8.11,0.95
2023,6,26,95.08,2.45,4.24,1.45,2.79,221.25,4.22,5.7,2.52,3.19,224.06,5.01,8.28,1.11
2023,6,27,95.16,2.35,3.41,1.46,1.95,278.94,4.14,4.91,2.59,2.33,279.81,4.92,8.04,1.03
2023,6,28,95.77,2.76,3.96,1.73,2.23,313.19,4.5,5.75,3.6,2.15,313.44,5.85,7.21,1.22
2023,6,29,96.14,1.54,2.27,0.15,2.12,238.69,2.68,5.12,0.25,4.88,257.0,6.52,6.9,0.65
2023,6,30,96.05,1.68,2.04,0.73,1.3,193.31,2.97,4.34,1.07,3.27,197.44,4.18,7.52,0.77
2023,7,1,95.94,1.74,3.07,0.85,2.22,215.25,2.78,4.09,1.7,2.39,218.75,4.12,7.57,0.84
2023,7,2,95.65,2.39,3.96,1.43,2.53,237.69,4.37,5.97,2.62,3.35,240.44,6.06,7.69,1.05
2023,7,3,95.66,2.56,4.25,1.54,2.72,230.81,4.45,6.08,2.69,3.39,233.62,5.82,8.0,1.17
2023,7,4,95.91,2.09,2.97,1.55,1.41,298.88,3.73,4.85,2.72,2.13,299.38,6.38,8.06,0.89
2023,7,5,96.07,1.34,2.57,0.44,2.13,224.44,2.3,4.63,0.34,4.3,222.5,7.17,8.12,0.63
2023,7,6,95.8,1.09,1.68,0.18,1.5,192.06,1.49,2.81,0.12,2.69,190.19,6.87,7.91,0.59
2023,7,7,95.64,1.12,2.3,0.34,1.95,301.88,2.0,4.27,0.72,3.55,307.06,5.78,7.46,0.5
2023,7,8,95.57,1.67,2.34,0.73,1.62,186.0,2.95,4.48,0.53,3.95,186.62,6.0,7.74,0.8
2023,7,9,95.43,1.48,2.45,0.08,2.37,274.69,2.61,4.22,0.4,3.82,284.5,3.94,7.55,0.7
2023,7,10,95.64,2.52,3.95,1.62,2.34,318.06,4.21,5.55,3.3,2.25,319.06,7.31,8.12,1.16
2023,7,11,95.93,1.84,2.4,0.99,1.41,301.94,3.2,5.17,1.49,3.68,303.5,7.6,8.14,0.8
2023,7,12,95.96,2.09,2.71,0.76,1.96,238.5,3.77,5.8,1.12,4.7,240.75,7.58,7.95,0.91
2023,7,13,95.65,2.2,3.07,1.12,1.95,215.12,3.66,4.83,2.28,2.55,217.19,6.18,8.05,1.05
2023,7,14,95.72,1.45,1.92,0.62,1.3,181.81,2.51,4.51,0.56,3.95,184.56,6.01,7.81,0.67
2023,7,15,95.75,2.02,3.43,0.42,3.01,209.69,3.33,4.48,0.27,4.22,227.81,6.4,7.68,0.95
2023,7,16,95.5,2.36,3.77,1.45,2.32,260.5,4.16,5.33,2.4,2.93,262.44,5.69,7.66,1.09
2023,7,17,95.97,2.03,3.27,1.11,2.16,241.56,3.63,4.88,1.53,3.35,244.0,5.08,5.85,0.92
2023,7,18,96.02,1.81,2.52,0.73,1.79,257.31,3.33,4.06,1.22,2.84,258.19,6.4,7.22,0.79
2023,7,19,96.06,1.46,1.97,0.83,1.14,278.38,2.83,4.94,1.31,3.62,281.25,5.45,7.35,0.62
2023,7,20,95.95,1.71,2.28,1.08,1.2,248.0,3.16,4.88,1.43,3.45,249.38,7.06,7.74,0.73
2023,7,21,95.44,2.41,3.47,1.42,2.05,300.0,4.28,5.1,2.83,2.27,299.81,6.31,7.88,1.09
2023,7,22,95.64,1.32,2.19,0.2,1.98,306.12,2.27,4.79,0.38,4.41,319.25,5.56,7.85,0.61
2023,7,23,95.96,1.72,2.47,0.39,2.08,222.5,3.07,4.85,0.38,4.47,225.94,6.9,7.83,0.76
2023,7,24,96.24,1.38,1.88,0.2,1.67,243.81,2.19,3.4,0.45,2.95,247.75,6.7,7.63,0.66
2023,7,25,96.29,1.59,2.37,0.47,1.9,228.69,2.55,3.58,0.8,2.78,229.0,6.44,7.66,0.73
2023,7,26,96.32,1.86,3.01,0.54,2.47,218.62,3.08,6.08,0.73,5.34,222.56,7.74,7.82,0.92
2023,7,27,96.06,3.0,4.89,1.57,3.32,237.56,5.09,7.05,3.38,3.67,240.31,6.18,7.57,1.34
2023,7,28,96.17,2.1,3.54,1.38,2.16,249.38,3.8,5.15,2.16,2.99,252.06,6.71,7.52,0.92
2023,7,29,95.82,3.13,5.09,1.6,3.48,270.88,5.34,7.75,2.93,4.82,272.81,6.93,7.47,1.43
2023,7,30,95.95,1.45,2.8,0.32,2.48,199.88,2.43,4.22,0.54,3.67,195.06,7.05,7.85,0.67
2023,7,31,96.08,2.05,2.6,1.51,1.09,318.75,3.55,4.63,2.73,1.91,316.5,6.16,7.65,0.91
2023,8,1,96.49,1.94,2.55,0.97,1.59,112.25,3.1,4.87,1.38,3.49,185.44,6.24,6.43,0.91
2023,8,2,96.58,1.52,2.65,0.28,2.37,211.0,2.45,4.86,0.14,4.71,212.81,5.81,6.22,0.73
2023,8,3,96.14,3.1,4.62,1.76,2.87,187.81,4.6,5.99,3.31,2.69,191.31,2.64,7.07,1.54
2023,8,4,95.83,1.28,2.41,0.46,1.95,147.62,2.1,4.0,0.68,3.32,159.19,6.12,7.45,0.63
2023,8,5,95.95,1.95,2.48,1.47,1.01,210.94,3.45,5.02,1.55,3.46,222.38,6.59,7.27,0.89
2023,8,6,95.9,2.77,4.2,1.39,2.8,187.31,4.17,5.83,2.35,3.48,190.5,4.77,7.21,1.36
2023,8,7,95.44,3.1,4.83,1.77,3.05,204.75,4.98,6.85,3.08,3.77,208.75,5.71,7.36,1.49
2023,8,8,95.49,3.65,5.58,1.69,3.89,290.69,6.13,8.17,3.49,4.68,291.75,6.54,7.53,1.68
2023,8,9,95.62,2.33,3.53,1.49,2.05,283.44,4.01,5.36,2.6,2.77,283.75,6.36,7.41,1.02
2023,8,10,95.18,2.75,4.15,1.4,2.75,254.75,4.58,6.08,2.85,3.23,256.19,2.99,6.91,1.27
2023,8,11,95.6,1.74,3.2,0.38,2.82,255.88,2.98,4.67,0.74,3.92,257.69,5.95,7.19,0.77
2023,8,12,95.74,2.02,2.61,1.37,1.24,256.88,3.63,5.17,2.43,2.74,257.81,6.46,7.31,0.87
2023,8,13,95.87,2.44,3.65,1.09,2.55,275.88,4.04,4.93,1.83,3.11,274.94,7.39,7.57,1.11
2023,8,14,95.75,2.06,3.65,0.02,3.62,167.38,3.2,5.55,0.23,5.32,170.69,4.62,6.69,1.02
2023,8,15,95.41,2.4,3.77,0.95,2.83,262.94,4.27,5.77,1.78,3.98,264.69,5.59,7.33,1.02
2023,8,16,95.83,1.37,2.85,0.6,2.25,222.69,2.43,4.31,0.71,3.6,234.06,5.76,7.29,0.62
2023,8,17,95.62,2.66,5.38,0.4,4.98,173.19,4.18,7.52,0.5,7.02,175.19,6.62,7.35,1.34
2023,8,18,95.61,3.01,4.24,1.78,2.46,300.19,5.16,5.95,3.62,2.34,299.88,6.78,7.3,1.36
2023,8,19,96.21,1.26,2.02,0.62,1.38,263.44,2.23,4.32,0.88,3.44,268.12,7.53,7.55,0.58
2023,8,20,96.35,1.6,2.46,0.42,2.04,240.69,2.45,3.34,0.43,2.91,243.44,7.05,7.05,0.79
2023,8,21,96.37,2.02,2.7,1.22,1.47,183.38,3.62,5.7,2.34,3.36,285.25,5.56,6.74,0.87
2023,8,22,96.28,2.73,3.95,1.69,2.27,122.12,4.53,5.15,2.86,2.3,119.38,6.12,6.8,1.27
2023,8,23,96.27,1.23,2.01,0.19,1.82,172.25,1.83,4.1,0.07,4.03,163.5,6.01,6.91,0.69
2023,8,24,95.88,1.64,2.89,0.35,2.54,169.5,2.77,5.05,0.6,4.45,171.81,3.93,5.93,0.82
2023,8,25,95.61,2.33,3.34,1.2,2.14,278.88,4.09,4.89,2.94,1.95,280.81,5.22,6.53,1.03
2023,8,26,95.6,1.64,2.84,0.4,2.45,243.0,2.95,4.59,0.84,3.75,255.0,5.71,6.7,0.73
2023,8,27,95.77,1.82,2.52,0.98,1.53,79.88,3.1,4.65,2.08,2.57,78.81,4.64,6.6,0.9
2023,8,28,95.92,1.59,2.41,0.91,1.5,100.94,2.66,3.52,1.53,1.98,102.38,2.76,6.43,0.78
2023,8,29,95.7,1.38,1.79,1.04,0.75,125.56,2.45,3.2,1.85,1.35,127.25,2.85,6.49,0.66
2023,8,30,95.4,2.5,4.16,1.01,3.16,300.75,4.16,5.77,1.93,3.84,301.38,5.15,6.64,1.16
2023,8,31,95.93,3.66,5.59,2.14,3.45,24.25,5.5,7.7,4.3,3.4,24.75,6.95,7.16,1.75
2023,9,1,96.73,1.98,2.3,1.37,0.93,84.06,3.32,4.8,1.51,3.3,84.0,7.11,7.09,0.86
2023,9,2,96.5,1.18,1.98,0.37,1.61,278.81,2.14,3.89,0.88,3.01,277.19,6.88,6.88,0.48
2023,9,3,96.11,2.24,3.02,1.74,1.27,301.56,4.17,5.55,2.53,3.02,301.94,6.36,6.58,0.95
2023,9,4,95.98,2.23,2.96,1.95,1.01,311.88,4.18,5.72,2.66,3.06,312.5,6.16,6.51,0.97
2023,9,5,96.03,1.8,2.38,1.17,1.21,271.06,3.47,5.57,1.73,3.85,282.88,6.31,6.48,0.77
2023,9,6,95.75,1.54,2.12,0.45,1.67,270.75,2.99,5.19,0.85,4.34,271.75,6.41,6.47,0.63
2023,9,7,95.51,1.76,2.78,0.3,2.48,262.31,3.21,4.22,0.12,4.1,262.81,4.79,6.21,0.74
2023,9,8,95.84,1.3,2.05,0.38,1.66,182.0,2.38,3.96,0.41,3.55,184.5,4.43,6.06,0.58
2023,9,9,96.2,1.89,3.34,0.73,2.62,139.25,3.16,4.66,1.52,3.14,141.81,4.54,5.99,0.94
2023,9,10,96.18,1.27,1.91,0.48,1.42,124.0,2.09,3.13,0.68,2.45,124.0,3.15,6.05,0.65
2023,9,11,96.12,2.16,3.52,0.89,2.63,322.38,3.59,4.81,1.64,3.17,322.69,5.19,6.12,1.01
2023,9,12,95.99,1.63,2.29,0.91,1.39,260.75,2.61,4.05,1.25,2.8,263.31,5.09,6.03,0.79
2023,9,13,95.94,1.9,2.72,1.05,1.66,326.12,3.44,4.96,1.83,3.13,325.44,4.65,6.2,0.88
2023,9,14,96.23,2.43,3.33,1.83,1.51,140.62,4.32,5.54,3.22,2.32,140.06,6.35,6.39,1.09
2023,9,15,96.3,2.65,4.19,1.95,2.23,81.62,4.36,5.72,3.59,2.13,82.06,5.83,6.29,1.24
2023,9,16,96.04,1.52,2.52,0.17,2.34,239.56,2.48,4.51,0.45,4.06,240.0,6.52,6.51,0.69
2023,9,17,95.63,1.96,4.27,0.91,3.35,182.88,3.02,6.08,1.4,4.68,185.38,1.32,5.55,0.97
2023,9,18,95.6,3.16,4.65,1.69,2.96,314.0,5.1,6.55,3.38,3.18,314.81,4.99,5.91,1.46
2023,9,19,96.15,2.05,2.84,1.42,1.42,306.44,3.45,4.54,2.23,2.3,305.81,5.45,6.02,0.87
2023,9,20,96.47,1.24,1.92,0.19,1.73,213.38,1.96,3.26,0.17,3.09,223.56,5.48,5.86,0.57
2023,9,21,96.74,1.98,2.44,1.64,0.8,77.25,3.02,3.9,2.19,1.7,76.5,4.66,5.79,0.94
2023,9,22,96.68,3.22,4.3,2.06,2.23,45.0,5.06,6.46,3.11,3.36,46.19,4.45,5.7,1.52
2023,9,23,95.71,6.15,7.5,4.12,3.38,72.12,8.91,10.47,6.38,4.09,15.75,1.22,5.6,2.97
2023,9,24,95.62,3.02,5.59,1.47,4.12,307.88,4.68,8.35,2.88,5.48,307.81,2.95,5.49,1.43
2023,9,25,96.13,1.86,2.84,1.3,1.55,209.62,3.36,4.11,2.28,1.82,223.56,2.45,5.4,0.83
2023,9,26,96.75,2.28,2.88,1.55,1.34,55.75,3.66,4.07,3.3,0.77,57.25,1.93,5.35,1.09
2023,9,27,96.74,1.95,2.66,1.45,1.22,76.56,3.38,4.59,2.27,2.31,77.94,2.45,5.39,0.87
2023,9,28,96.5,1.7,2.3,1.03,1.27,76.0,2.81,4.11,1.97,2.14,78.38,4.88,5.34,0.73
2023,9,29,96.35,1.73,2.29,1.09,1.2,57.25,2.76,3.96,2.14,1.82,39.88,3.99,5.35,0.83
2023,9,30,96.57,2.15,2.8,1.14,1.65,156.44,3.41,4.68,1.63,3.05,155.94,3.19,5.37,1.02
2023,10,1,96.75,2.72,3.68,1.88,1.8,187.06,4.56,5.75,3.66,2.09,187.69,5.44,5.43,1.19
2023,10,2,96.68,2.12,2.84,0.54,2.3,139.62,3.63,6.09,0.7,5.38,139.94,5.3,5.28,0.95
2023,10,3,96.59,1.7,2.37,0.93,1.45,180.19,2.48,4.15,1.26,2.89,165.25,5.0,5.23,0.88
2023,10,4,96.56,1.84,2.56,0.15,2.41,188.06,2.73,4.32,0.09,4.23,189.12,5.31,5.27,0.88
2023,10,5,96.41,2.38,3.59,1.2,2.4,184.19,3.74,4.66,1.98,2.69,185.12,3.55,5.13,1.09
2023,10,6,95.83,1.59,2.31,1.1,1.21,206.12,2.62,3.7,1.56,2.15,208.81,3.09,4.71,0.73
2023,10,7,95.49,3.93,5.41,1.45,3.97,303.06,6.47,8.3,2.64,5.66,303.25,5.13,5.34,1.76
2023,10,8,95.36,3.55,5.38,2.02,3.36,283.81,6.32,7.69,4.33,3.35,284.75,3.43,5.26,1.5
2023,10,9,95.34,2.62,4.46,1.95,2.51,239.12,4.65,6.15,3.06,3.09,241.0,3.03,4.92,1.09
2023,10,10,95.39,2.45,3.56,1.68,1.88,267.5,4.1,5.13,2.95,2.19,268.5,4.46,5.02,1.05
2023,10,11,95.58,1.95,2.41,1.24,1.17,276.25,3.26,4.72,2.11,2.61,277.62,4.73,5.2,0.84
2023,10,12,95.59,0.98,1.76,0.12,1.64,203.44,1.51,2.87,0.18,2.69,227.0,4.86,4.85,0.54
2023,10,13,95.79,2.11,3.04,1.43,1.61,153.56,3.62,5.34,1.48,3.87,153.5,4.87,4.81,0.89
2023,10,14,94.87,2.72,5.0,1.05,3.94,218.19,4.55,8.52,2.07,6.45,221.5,1.95,3.86,1.23
2023,10,15,94.91,4.23,5.83,2.19,3.64,329.94,6.69,8.45,4.92,3.53,331.0,3.5,4.75,1.95
2023,10,16,95.24,2.95,4.02,2.27,1.76,319.5,5.18,5.66,4.7,0.95,320.62,2.74,4.55,1.22
2023,10,17,95.9,2.5,3.62,1.84,1.78,324.38,4.22,4.93,3.59,1.34,324.19,2.26,4.53,1.01
2023,10,18,96.35,1.91,2.41,0.79,1.62,228.0,3.05,4.48,0.97,3.5,230.25,2.43,4.57,0.84
2023,10,19,96.0,2.75,5.06,1.64,3.41,199.25,4.73,7.19,2.02,5.16,201.06,4.09,4.48,1.2
2023,10,20,94.74,2.75,4.76,1.4,3.35,223.31,4.56,6.74,2.41,4.34,225.19,1.43,4.2,1.21
2023,10,21,94.58,3.69,6.68,1.88,4.8,286.38,6.34,9.77,3.47,6.3,286.88,3.8,4.5,1.52
2023,10,22,95.43,3.86,6.12,1.8,4.32,310.5,6.64,8.64,3.34,5.3,310.56,4.12,4.57,1.63
2023,10,23,96.53,2.2,2.95,0.78,2.16,215.69,3.59,6.3,0.56,5.73,228.12,4.69,4.63,0.92
2023,10,24,96.93,2.5,3.12,2.11,1.01,212.69,4.45,6.31,2.76,3.55,215.38,4.44,4.39,1.05
2023,10,25,96.88,2.54,3.05,1.71,1.34,228.06,4.95,6.03,2.17,3.86,229.75,4.23,4.33,0.95
2023,10,26,96.72,2.28,2.75,0.38,2.38,238.94,4.71,6.14,0.46,5.68,238.31,3.88,4.18,0.8
2023,10,27,96.48,2.24,2.82,1.88,0.94,249.62,4.31,5.31,2.48,2.83,251.12,2.49,3.97,0.81
2023,10,28,96.26,1.71,2.95,0.41,2.55,265.69,3.08,5.01,0.73,4.28,267.5,3.29,3.93,0.7
2023,10,29,95.92,1.38,2.78,0.22,2.56,177.44,2.2,4.02,0.52,3.51,177.06,2.18,3.53,0.66
2023,10,30,95.55,3.55,5.54,1.12,4.41,289.12,5.38,7.44,2.19,5.25,287.81,2.26,3.64,1.64
2023,10,31,95.96,1.91,3.74,0.3,3.45,160.56,3.11,5.74,0.14,5.6,175.12,2.18,4.02,0.88
2023,11,1,96.45,4.17,6.34,2.02,4.33,313.0,6.77,8.8,4.38,4.41,313.75,3.84,4.17,1.88
2023,11,2,97.24,2.02,2.65,0.74,1.91,243.75,3.8,5.52,1.07,4.45,246.38,4.18,4.19,0.77
2023,11,3,97.05,2.54,3.88,0.96,2.92,213.06,4.5,6.36,1.24,5.12,215.19,4.14,4.09,0.97
2023,11,4,96.51,2.16,2.66,0.73,1.93,249.62,3.83,5.49,1.07,4.42,250.75,3.16,3.92,0.83
2023,11,5,96.13,2.6,3.34,1.91,1.44,308.25,4.82,5.91,3.7,2.21,307.88,3.65,3.66,0.97
2023,11,6,96.06,2.31,3.53,0.41,3.12,134.44,4.07,6.55,0.43,6.11,137.88,3.4,3.65,1.01
2023,11,7,95.59,2.88,4.8,2.25,2.55,268.12,5.44,7.34,4.09,3.25,269.12,3.03,3.54,1.05
2023,11,8,95.97,2.38,3.82,0.94,2.88,217.94,4.35,6.4,0.77,5.63,219.31,3.6,3.61,0.91
2023,11,9,95.64,2.82,4.63,1.84,2.79,276.0,5.12,6.81,3.6,3.21,276.88,2.41,3.39,1.09
2023,11,10,96.42,1.75,2.77,0.45,2.32,251.38,3.21,5.29,0.73,4.56,253.31,0.87,3.43,0.68
2023,11,11,96.9,2.02,2.53,1.06,1.47,206.5,3.66,5.41,1.73,3.66,219.5,3.5,3.69,0.78
2023,11,12,97.16,1.8,2.63,0.74,1.89,62.5,2.98,4.5,1.05,3.45,61.75,3.38,3.49,0.78
2023,11,13,96.79,2.3,3.12,0.97,2.15,261.75,4.04,6.73,1.41,5.32,264.0,3.59,3.53,0.92
2023,11,14,96.99,2.52,3.93,1.2,2.73,232.94,4.16,5.92,1.66,4.27,247.38,3.62,3.65,1.11
2023,11,15,97.01,2.18,3.37,0.05,3.32,209.81,3.87,6.01,0.02,5.98,208.75,2.57,3.48,0.91
2023,11,16,96.66,2.58,3.12,0.35,2.77,228.06,4.87,6.38,0.47,5.9,228.5,3.52,3.47,0.9
2023,11,17,95.84,3.02,4.62,2.12,2.51,214.38,5.59,6.33,3.66,2.67,215.69,2.24,3.22,1.15
2023,11,18,95.47,3.24,5.18,2.03,3.15,325.31,5.75,7.2,4.49,2.7,325.19,3.47,3.47,1.29
2023,11,19,95.91,2.16,2.65,0.93,1.72,309.88,3.61,4.96,1.63,3.33,309.88,3.48,3.42,0.85
2023,11,20,96.75,2.14,2.84,1.62,1.22,103.38,3.78,5.41,2.03,3.37,105.0,2.29,3.27,0.84
2023,11,21,96.19,2.28,4.05,1.48,2.57,151.81,4.2,6.56,2.73,3.84,154.38,0.36,3.04,0.9
2023,11,22,95.32,3.34,4.8,2.04,2.75,310.69,5.52,6.89,3.3,3.59,310.56,1.87,3.17,1.46
2023,11,23,95.79,2.32,3.23,1.24,1.99,293.5,4.23,6.93,1.95,4.98,295.06,3.29,3.23,0.86
2023,11,24,96.42,2.3,3.27,1.78,1.48,322.19,4.32,6.16,2.35,3.82,306.94,2.22,3.07,0.88
2023,11,25,96.86,2.12,3.46,1.48,1.98,88.25,3.62,6.06,1.87,4.2,90.06,3.27,3.27,0.91
2023,11,26,95.9,2.46,3.89,1.7,2.19,200.0,4.32,5.47,2.75,2.72,201.38,2.06,3.09,0.97
2023,11,27,95.42,3.36,4.79,2.47,2.31,289.44,6.14,6.95,5.13,1.82,289.19,2.86,3.24,1.24
2023,11,28,95.91,4.24,6.66,2.41,4.25,296.25,7.37,9.15,4.18,4.97,296.25,2.83,3.27,1.77
2023,11,29,96.14,2.34,3.14,1.12,2.02,243.69,4.12,6.31,1.95,4.38,247.44,2.93,3.16,0.97
2023,11,30,96.24,2.65,3.23,2.09,1.14,230.94,5.12,6.46,2.53,3.92,232.94,2.95,3.13,0.92
2023,12,1,96.07,2.7,4.46,1.97,2.49,214.88,4.89,6.66,3.02,3.64,216.62,0.73,2.8,1.0
2023,12,2,95.88,1.66,2.24,0.68,1.57,217.75,3.1,4.64,1.16,3.48,218.94,1.71,2.73,0.6
2023,12,3,95.12,2.44,4.32,0.6,3.72,235.94,4.77,7.73,1.23,6.49,236.44,1.37,2.69,0.89
2023,12,4,95.45,2.06,3.52,0.86,2.66,290.06,3.93,7.63,1.32,6.32,290.62,1.52,2.97,0.7
2023,12,5,95.86,1.51,2.25,0.43,1.83,200.19,2.48,4.2,0.56,3.63,200.81,1.7,2.87,0.66
2023,12,6,96.05,3.5,5.69,1.92,3.77,314.12,6.0,8.12,3.21,4.9,284.75,2.03,2.87,1.49
2023,12,7,96.04,2.38,3.29,1.75,1.55,256.38,4.4,5.47,3.11,2.36,259.44,2.02,2.82,0.88
2023,12,8,96.2,2.27,3.86,1.21,2.66,228.69,4.07,6.07,1.49,4.58,229.25,2.67,2.88,0.93
2023,12,9,96.16,2.47,4.0,1.31,2.69,216.0,4.45,6.27,1.88,4.4,218.25,1.69,2.7,0.98
2023,12,10,95.37,2.99,5.99,0.69,5.3,243.81,5.17,8.59,1.02,7.57,244.56,0.68,2.44,1.27
2023,12,11,95.97,3.64,5.03,2.3,2.73,306.56,6.42,8.04,3.93,4.11,307.19,2.18,2.97,1.51
2023,12,12,97.12,2.38,3.02,1.47,1.55,247.88,4.3,6.54,2.0,4.54,250.44,2.98,2.94,0.91
2023,12,13,97.58,2.54,2.89,1.47,1.42,302.31,4.69,6.04,2.66,3.38,302.44,2.43,2.87,0.91
2023,12,14,97.85,2.08,2.88,1.2,1.68,305.31,3.7,5.65,2.09,3.56,305.69,2.77,2.9,0.81
2023,12,15,97.43,2.05,2.97,0.97,2.0,303.06,3.59,6.52,1.52,5.01,303.69,2.9,2.86,0.88
2023,12,16,97.16,2.11,2.55,1.28,1.27,128.06,3.49,4.74,1.98,2.77,129.44,2.58,2.83,0.94
2023,12,17,95.81,2.38,5.45,0.96,4.48,135.0,3.93,7.95,1.59,6.36,139.12,0.67,2.65,1.02
2023,12,18,94.29,5.91,7.61,3.77,3.84,295.81,9.45,11.99,7.49,4.5,296.69,2.43,2.88,2.72
2023,12,19,96.24,4.45,6.52,1.84,4.69,310.0,7.44,9.38,3.64,5.74,310.5,2.54,2.93,1.94
2023,12,20,97.14,1.47,2.38,0.11,2.27,292.81,2.46,4.09,0.37,3.72,294.0,2.85,2.84,0.66
2023,12,21,97.13,1.6,2.58,0.54,2.04,217.0,2.56,4.63,0.32,4.31,217.44,1.64,2.75,0.74
2023,12,22,97.02,1.38,2.35,0.25,2.1,131.38,2.11,4.2,0.39,3.8,133.75,2.46,2.74,0.67
2023,12,23,96.99,1.94,2.43,1.38,1.05,192.25,3.34,3.75,2.8,0.95,194.81,1.42,2.73,0.82
2023,12,24,96.95,1.43,2.13,0.35,1.78,203.0,2.58,4.57,0.35,4.22,204.75,1.88,2.65,0.59
2023,12,25,96.86,1.34,2.66,0.08,2.58,149.0,2.3,4.5,0.07,4.44,153.62,1.81,2.71,0.55
2023,12,26,96.46,1.54,2.29,0.94,1.34,117.19,2.77,3.88,1.83,2.05,117.88,0.95,2.48,0.6
2023,12,27,95.49,1.95,3.13,0.27,2.86,187.38,3.57,5.2,0.52,4.67,188.0,0.91,2.55,0.8
2023,12,28,95.04,1.92,2.58,1.18,1.4,303.06,3.52,5.49,1.92,3.57,302.25,2.15,2.8,0.77
2023,12,29,95.06,2.05,3.18,0.84,2.34,296.0,3.98,6.28,1.0,5.28,295.88,1.55,2.75,0.8
2023,12,30,95.27,3.14,4.74,2.36,2.39,276.06,5.65,6.58,4.89,1.68,276.88,1.68,2.81,1.23
2023,12,31,95.79,2.17,3.17,0.74,2.43,235.25,3.81,5.12,0.9,4.23,237.69,2.35,2.87,0.89
2024,1,1,95.98,3.11,4.63,2.12,2.52,314.88,5.54,6.58,4.21,2.37,315.06,1.13,2.62,1.32
2024,1,2,96.26,2.82,4.44,1.69,2.74,311.0,4.84,6.46,2.71,3.75,310.75,2.7,2.71,1.2
2024,1,3,95.89,1.67,2.04,0.81,1.23,244.5,2.67,3.67,1.11,2.56,246.75,2.47,-999.0,0.73
2024,1,4,96.11,3.55,5.66,1.91,3.74,325.69,6.27,7.97,3.85,4.12,326.06,1.16,-999.0,1.52
2024,1,5,96.61,1.98,3.25,0.79,2.46,234.94,3.48,5.46,1.09,4.37,236.12,2.81,-999.0,0.85
2024,1,6,95.33,2.27,3.56,0.83,2.73,202.19,3.89,5.05,1.09,3.96,204.0,0.19,-999.0,1.02
2024,1,7,95.27,3.25,4.0,2.05,1.95,278.94,6.44,8.47,4.28,4.19,279.56,1.8,-999.0,1.12
2024,1,8,96.9,2.52,3.72,1.09,2.63,205.62,4.57,7.45,1.52,5.93,206.06,2.64,2.84,0.95
2024,1,9,94.76,5.79,9.32,2.88,6.45,165.94,10.03,15.86,4.47,11.4,167.69,0.23,-999.0,2.62
2024,1,10,94.27,4.33,7.02,2.12,4.91,261.94,7.94,10.87,4.12,6.74,263.56,1.7,-999.0,1.78
2024,1,11,95.49,2.89,4.88,1.74,3.13,250.31,5.18,7.5,3.12,4.38,252.62,2.87,2.88,1.17
2024,1,12,95.41,3.51,6.73,1.04,5.7,171.81,5.59,10.67,1.95,8.72,172.06,1.97,-999.0,1.59
2024,1,13,94.42,4.77,7.98,1.99,5.98,257.25,8.07,11.34,3.89,7.45,258.0,2.26,-999.0,2.16
2024,1,14,95.72,4.93,9.15,1.77,7.38,268.56,8.21,13.15,2.45,10.7,268.81,2.31,-999.0,2.34
2024,1,15,96.18,1.84,2.82,1.05,1.77,188.94,2.48,3.62,1.37,2.25,192.12,0.76,-999.0,1.05
2024,1,16,95.48,3.39,6.5,0.46,6.04,269.62,5.05,8.88,0.85,8.03,272.19,0.95,-999.0,1.64
2024,1,17,96.01,3.72,4.78,2.7,2.08,268.94,5.8,6.86,4.43,2.43,270.19,2.57,-999.0,1.7
2024,1,18,96.03,1.87,2.52,0.74,1.77,224.38,2.93,4.12,1.05,3.08,226.25,1.48,-999.0,0.91
2024,1,19,95.3,3.25,5.98,0.66,5.31,245.44,5.29,8.98,0.93,8.05,245.38,0.89,-999.0,1.52
2024,1,20,96.3,5.0,6.82,3.69,3.13,307.31,8.27,9.58,6.45,3.12,308.06,2.2,-999.0,2.27
2024,1,21,97.31,4.26,6.18,2.45,3.73,314.25,6.7,9.24,3.56,5.68,314.62,2.52,3.22,2.04
2024,1,22,97.44,2.52,3.38,1.93,1.45,225.62,4.27,5.86,2.98,2.88,226.81,2.67,-999.0,1.18
2024,1,23,97.26,2.29,2.97,1.24,1.73,243.88,4.14,6.17,1.78,4.39,243.94,1.93,-999.0,0.88
2024,1,24,96.98,2.87,3.66,2.14,1.52,204.62,5.59,7.95,3.83,4.12,205.31,1.2,-999.0,1.06
2024,1,25,96.23,2.63,3.43,1.62,1.81,212.25,4.97,7.27,2.9,4.37,213.12,1.11,-999.0,0.98
2024,1,26,95.97,3.05,3.99,2.2,1.8,260.62,5.69,8.46,3.06,5.41,261.38,3.01,-999.0,1.18
2024,1,27,96.27,2.23,2.99,1.09,1.9,197.62,4.09,6.05,1.28,4.77,198.75,2.79,-999.0,0.92
2024,1,28,94.98,2.55,3.49,1.79,1.7,201.38,4.44,6.7,2.47,4.23,201.56,1.19,-999.0,1.17
2024,1,29,95.71,4.79,6.73,2.17,4.55,325.56,7.68,9.26,4.35,4.91,325.69,3.4,3.43,2.3
2024,1,30,96.09,2.1,3.41,0.17,3.24,203.88,3.52,5.37,0.23,5.14,204.38,1.88,-999.0,0.98
2024,1,31,96.01,1.25,2.45,0.41,2.04,169.19,2.19,4.68,0.66,4.02,195.06,1.25,-999.0,0.54
2024,2,1,95.81,2.06,2.44,1.34,1.11,261.88,3.7,4.9,1.84,3.05,264.31,3.44,3.44,0.8
2024,2,2,95.57,3.34,5.45,2.39,3.05,329.5,5.97,7.27,4.83,2.44,299.62,1.31,-999.0,1.47
2024,2,3,96.02,2.01,2.88,0.29,2.59,147.0,3.01,4.85,0.36,4.48,131.81,3.61,3.61,1.04
2024,2,4,95.73,1.39,2.3,0.27,2.03,149.31,1.91,4.05,0.32,3.73,149.19,3.67,3.67,0.79
2024,2,5,95.55,2.52,3.3,0.66,2.64,124.56,4.13,5.61,0.84,4.77,109.19,3.69,3.69,1.2
2024,2,6,96.2,2.88,4.01,1.8,2.2,108.75,4.63,5.34,2.67,2.66,94.0,3.84,3.85,1.39
2024,2,7,96.66,1.75,2.32,0.9,1.42,134.88,2.68,4.31,0.95,3.36,134.06,3.79,-999.0,0.86
2024,2,8,96.52,2.52,3.29,1.27,2.02,206.62,4.62,6.46,1.64,4.82,208.5,3.7,-999.0,1.08
2024,2,9,95.96,2.55,3.28,2.03,1.25,230.19,4.9,6.17,2.93,3.24,233.12,3.66,3.75,1.05
2024,2,10,95.62,2.64,3.8,2.05,1.75,243.56,5.05,6.06,3.34,2.73,245.44,1.36,-999.0,1.06
2024,2,11,95.57,1.69,2.99,0.55,2.45,128.5,2.84,4.98,0.88,4.12,130.38,0.83,-999.0,0.79
2024,2,12,95.22,1.59,2.73,0.74,2.0,133.25,2.25,3.49,1.09,2.4,135.44,0.7,-999.0,0.86
2024,2,13,94.89,4.58,7.06,2.36,4.7,297.56,7.46,10.16,3.41,6.75,298.56,3.51,-999.0,2.2
2024,2,14,96.21,3.34,4.91,2.02,2.89,322.94,5.88,7.07,3.46,3.6,321.12,3.65,-999.0,1.46
2024,2,15,96.03,3.46,5.79,0.67,5.12,237.31,5.91,9.62,0.95,8.68,238.75,3.7,-999.0,1.62
2024,2,16,95.61,2.96,5.2,0.45,4.75,249.5,5.68,10.25,0.69,9.57,249.62,3.91,-999.0,1.31
2024,2,17,95.4,4.55,6.74,0.3,6.44,312.06,7.16,9.34,0.57,8.77,309.94,3.5,-999.0,2.23
2024,2,18,95.64,3.52,5.02,2.69,2.34,263.88,5.95,7.52,4.49,3.02,265.44,4.43,4.47,1.59
2024,2,19,96.28,1.67,2.58,0.05,2.52,237.06,2.66,4.89,0.3,4.59,233.25,4.52,4.52,0.82
2024,2,20,96.93,2.09,2.92,1.22,1.7,108.94,3.19,4.55,1.77,2.77,110.81,4.48,-999.0,0.99
2024,2,21,96.73,2.21,2.95,1.08,1.88,172.5,3.7,6.42,1.86,4.56,175.69,4.51,4.53,1.07
2024,2,22,95.41,3.0,4.8,1.92,2.88,198.88,5.04,7.29,3.55,3.73,202.0,2.19,-999.0,1.46
2024,2,23,94.39,2.71,4.23,1.41,2.82,298.75,4.63,6.01,3.02,2.98,298.5,1.64,-999.0,1.25
2024,2,24,95.08,2.77,4.62,1.54,3.07,279.19,4.6,7.3,1.74,5.56,278.0,1.83,-999.0,1.3
2024,2,25,96.08,2.59,3.79,0.59,3.2,235.0,4.58,7.5,0.67,6.82,237.44,4.63,4.79,1.18
2024,2,26,95.83,2.71,3.12,2.25,0.88,220.75,5.09,6.58,2.84,3.74,222.88,4.36,-999.0,1.16
2024,2,27,95.43,3.55,6.26,1.98,4.29,201.94,5.96,8.62,3.77,4.86,203.56,2.0,-999.0,1.66
2024,2,28,95.07,6.15,9.66,2.82,6.83,230.31,9.45,14.99,5.62,9.38,231.75,0.3,-999.0,3.03
2024,2,29,96.94,3.65,5.48,2.01,3.48,311.81,5.96,8.77,3.27,5.51,311.25,5.03,5.06,1.71
2024,3,1,97.3,2.52,4.32,0.27,4.05,173.19,3.97,5.77,0.34,5.43,174.25,4.43,-999.0,1.26
2024,3,2,96.42,1.66,2.98,0.55,2.43,212.94,2.41,5.05,0.88,4.17,212.06,3.37,-999.0,0.92
2024,3,3,96.54,1.74,2.56,0.42,2.13,214.88,2.77,4.82,0.51,4.3,216.44,2.19,-999.0,0.8
2024,3,4,96.61,2.13,3.16,1.1,2.05,165.81,3.52,5.32,1.47,3.85,165.94,4.01,-999.0,1.01
2024,3,5,96.05,1.99,3.26,0.32,2.93,125.62,3.56,6.6,0.72,5.88,157.19,3.14,-999.0,0.99
2024,3,6,95.58,1.67,2.59,0.9,1.7,161.75,2.86,4.38,1.47,2.91,162.62,1.22,-999.0,0.8
2024,3,7,95.78,2.86,4.76,1.77,2.98,175.88,4.94,6.3,3.88,2.41,175.81,4.13,-999.0,1.32
2024,3,8,96.44,2.65,4.77,1.47,3.29,120.19,4.26,6.59,2.42,4.16,121.44,3.16,-999.0,1.27
2024,3,9,95.34,3.13,4.6,0.77,3.84,188.56,4.41,6.25,1.05,5.2,189.94,1.01,-999.0,1.62
2024,3,10,94.93,6.66,8.86,3.31,5.55,294.25,10.53,12.6,6.45,6.15,295.0,3.97,-999.0,3.28
2024,3,11,95.9,5.6,7.08,3.08,4.0,299.12,9.18,11.69,6.59,5.09,299.75,5.48,5.49,2.66
2024,3,12,95.9,3.71,5.05,2.44,2.61,281.31,6.55,8.05,5.23,2.82,282.12,5.42,5.45,1.56
2024,3,13,95.82,2.34,3.12,1.54,1.58,283.69,4.09,6.69,2.18,4.51,285.19,5.23,-999.0,1.01
2024,3,14,95.98,2.81,4.55,1.56,2.99,250.25,5.16,9.78,2.09,7.69,251.94,5.41,5.45,1.23
2024,3,15,95.38,3.07,4.08,1.88,2.21,278.31,5.78,7.96,3.47,4.49,279.25,1.15,-999.0,1.27
2024,3,16,95.4,2.82,3.67,1.96,1.7,275.69,5.04,7.08,3.36,3.72,277.25,5.66,5.69,1.26
2024,3,17,94.87,3.94,6.01,2.57,3.44,282.5,7.19,8.69,5.54,3.15,282.5,5.55,5.64,1.68
2024,3,18,95.32,3.87,5.47,2.27,3.2,311.69,6.25,7.83,4.38,3.45,310.81,5.36,-999.0,1.82
2024,3,19,95.34,4.04,5.12,3.32,1.8,273.75,7.18,8.27,5.45,2.81,275.06,5.8,5.87,1.79
2024,3,20,95.15,5.21,8.69,2.94,5.75,272.94,8.96,12.8,5.23,7.57,274.12,5.78,5.87,2.3
2024,3,21,96.36,2.45,3.08,1.73,1.35,301.0,4.27,6.58,3.23,3.34,299.0,5.96,5.99,1.06
2024,3,22,96.48,2.84,4.79,1.22,3.57,121.19,4.55,6.51,2.51,4.01,124.0,4.61,-999.0,1.34
2024,3,23,95.54,4.81,7.7,0.89,6.81,226.5,7.05,10.69,1.54,9.15,227.25,2.69,-999.0,2.37
2024,3,24,96.53,3.17,4.88,1.93,2.95,135.56,4.95,8.09,3.25,4.84,135.69,6.2,6.2,1.51
2024,3,25,96.75,2.62,3.67,1.57,2.1,124.69,4.3,7.06,2.7,4.36,126.44,6.17,6.21,1.2
2024,3,26,96.15,2.59,4.01,1.37,2.64,165.38,4.22,5.96,1.94,4.03,166.0,4.34,-999.0,1.18
2024,3,27,95.93,1.88,3.04,0.55,2.48,154.81,2.95,5.45,0.84,4.6,156.38,1.82,-999.0,0.89
2024,3,28,95.88,3.73,5.03,2.14,2.89,328.25,6.54,7.79,4.61,3.18,328.25,3.1,-999.0,1.61
2024,3,29,95.68,4.59,7.68,2.77,4.91,301.0,8.09,11.07,4.61,6.46,301.19,5.68,-999.0,1.92
2024,3,30,95.48,3.06,4.82,2.17,2.65,250.81,5.71,9.74,2.91,6.84,253.06,4.4,-999.0,1.22
2024,3,31,95.61,1.77,3.64,0.7,2.94,223.38,3.06,7.23,1.01,6.23,223.0,2.24,-999.0,0.8
